date,ticker,open,high,low,close,adj_close,volume
2018-01-02,TSLA,50.1,50.1,50.0,50.0,50.0,333363806
2018-01-03,TSLA,50.57,51.5,50.57,50.65,50.65,921101854
2018-01-04,TSLA,50.43,50.59,49.91,50.5,50.5,243149547
2018-01-05,TSLA,50.89,51.35,50.89,51.35,51.35,681439144
2018-01-08,TSLA,53.39,53.39,53.37,53.37,53.37,1041796429
2018-01-09,TSLA,53.09,53.09,52.25,53.08,53.08,585173457
2018-01-10,TSLA,52.43,53.41,52.43,52.8,52.8,425909492
2018-01-11,TSLA,54.52,55.33,54.52,54.95,54.95,1328971380
2018-01-12,TSLA,55.62,57.08,54.96,56.04,56.04,751755973
2018-01-15,TSLA,54.97,55.58,54.63,55.42,55.42,596301882
2018-01-16,TSLA,56.32,56.4,56.2,56.2,56.2,820264619
2018-01-17,TSLA,55.24,55.58,55.24,55.58,55.58,3891270255
2018-01-18,TSLA,54.69,55.22,53.64,54.96,54.96,1598132680
2018-01-19,TSLA,54.96,55.32,54.83,55.32,55.32,1606854215
2018-01-22,TSLA,53.25,53.25,52.37,52.77,52.77,1038795588
2018-01-23,TSLA,50.92,50.92,50.56,50.56,50.56,883932414
2018-01-24,TSLA,49.61,50.21,49.61,49.88,49.88,189965042
2018-01-25,TSLA,48.49,49.12,48.49,48.66,48.66,532243575
2018-01-26,TSLA,48.78,50.1,48.54,49.07,49.07,599529268
2018-01-29,TSLA,47.98,49.02,47.98,47.99,47.99,259707034
2018-01-30,TSLA,45.9,46.67,45.9,46.35,46.35,399430574
2018-01-31,TSLA,48.26,48.26,47.69,48.1,48.1,243712087
2018-02-01,TSLA,47.87,48.52,47.33,47.85,47.85,781718843
2018-02-02,TSLA,48.34,48.49,47.96,47.96,47.96,1307338963
2018-02-05,TSLA,45.99,46.3,45.99,46.3,46.3,1553948131
2018-02-06,TSLA,45.97,45.97,45.57,45.7,45.7,1025935460
2018-02-07,TSLA,46.11,46.67,45.81,45.85,45.85,448743581
2018-02-08,TSLA,44.23,44.6,44.01,44.57,44.57,250949154
2018-02-09,TSLA,44.92,45.2,44.91,45.01,45.01,278764746
2018-02-12,TSLA,44.07,44.58,44.07,44.36,44.36,373567942
2018-02-13,TSLA,43.84,44.06,43.84,44.06,44.06,469267807
2018-02-14,TSLA,43.22,43.42,43.22,43.42,43.42,726792010
2018-02-15,TSLA,45.55,45.85,45.5,45.5,45.5,435280613
2018-02-16,TSLA,45.43,45.51,45.07,45.51,45.51,980316009
2018-02-19,TSLA,44.74,44.74,44.34,44.34,44.34,695843890
2018-02-20,TSLA,44.95,46.0,44.57,45.29,45.29,804979546
2018-02-21,TSLA,44.36,44.36,43.59,43.95,43.95,1585475709
2018-02-22,TSLA,43.96,44.27,43.96,44.2,44.2,393999799
2018-02-23,TSLA,42.34,42.34,41.98,42.11,42.11,1028351371
2018-02-26,TSLA,40.62,41.61,40.62,40.75,40.75,793223882
2018-02-27,TSLA,40.68,40.97,40.68,40.97,40.97,654844415
2018-02-28,TSLA,42.05,42.05,41.76,41.76,41.76,1360548538
2018-03-01,TSLA,41.8,42.44,41.8,41.96,41.96,1355462406
2018-03-02,TSLA,41.99,42.38,41.29,41.85,41.85,453318497
2018-03-05,TSLA,41.62,41.62,41.56,41.56,41.56,717084073
2018-03-06,TSLA,40.05,40.59,39.63,40.07,40.07,946921741
2018-03-07,TSLA,39.37,39.55,39.03,39.38,39.38,679043637
2018-03-08,TSLA,39.13,39.13,38.88,38.95,38.95,1136265448
2018-03-09,TSLA,39.68,40.01,39.58,40.01,40.01,946910569
2018-03-12,TSLA,40.51,40.51,39.65,40.37,40.37,2401925980
2018-03-13,TSLA,38.96,39.09,38.65,38.65,38.65,319360947
2018-03-14,TSLA,38.64,39.1,38.64,38.98,38.98,743246570
2018-03-15,TSLA,38.35,38.63,38.35,38.63,38.63,463769626
2018-03-16,TSLA,38.16,38.42,38.0,38.0,38.0,1149352380
2018-03-19,TSLA,38.56,38.92,38.56,38.6,38.6,303137442
2018-03-20,TSLA,39.55,39.63,39.55,39.63,39.63,984640961
2018-03-21,TSLA,40.29,40.82,39.97,40.58,40.58,548101442
2018-03-22,TSLA,39.77,39.77,39.74,39.76,39.76,514910100
2018-03-23,TSLA,39.18,39.81,39.18,39.47,39.47,335825110
2018-03-26,TSLA,39.8,40.16,39.8,39.82,39.82,605130340
2018-03-27,TSLA,41.04,41.42,40.82,40.82,40.82,1533318715
2018-03-28,TSLA,40.16,40.36,39.85,40.36,40.36,787903981
2018-03-29,TSLA,40.18,40.19,39.64,40.19,40.19,1165724070
2018-03-30,TSLA,39.5,39.5,38.79,39.11,39.11,2171719513
2018-04-02,TSLA,38.12,38.12,37.78,37.98,37.98,937055763
2018-04-03,TSLA,39.04,39.04,38.78,38.78,38.78,572040446
2018-04-04,TSLA,40.07,40.64,39.48,40.14,40.14,1058746321
2018-04-05,TSLA,40.3,40.3,40.08,40.08,40.08,577040095
2018-04-06,TSLA,40.74,41.12,40.74,41.12,41.12,591011710
2018-04-09,TSLA,41.2,41.97,40.91,41.51,41.51,321357355
2018-04-10,TSLA,40.63,41.05,40.56,40.87,40.87,1394434083
2018-04-11,TSLA,41.18,41.82,41.18,41.26,41.26,634532112
2018-04-12,TSLA,43.2,43.2,42.9,42.9,42.9,892251808
2018-04-13,TSLA,42.75,42.94,42.75,42.88,42.88,429624806
2018-04-16,TSLA,44.75,44.75,44.37,44.61,44.61,1039045746
2018-04-17,TSLA,41.98,41.98,41.7,41.81,41.81,506398900
2018-04-18,TSLA,42.77,43.31,42.7,42.7,42.7,734701437
2018-04-19,TSLA,42.69,42.81,42.36,42.81,42.81,1354496477
2018-04-20,TSLA,42.58,42.68,42.39,42.51,42.51,1285553995
2018-04-23,TSLA,42.49,42.63,42.05,42.63,42.63,789398606
2018-04-24,TSLA,40.24,40.58,39.97,40.58,40.58,276887371
2018-04-25,TSLA,40.78,41.05,40.19,40.38,40.38,4818296802
2018-04-26,TSLA,40.46,40.76,40.46,40.76,40.76,2280168959
2018-04-27,TSLA,41.96,42.7,41.96,42.32,42.32,1234096419
2018-04-30,TSLA,42.11,42.49,41.46,41.79,41.79,509060654
2018-05-01,TSLA,40.81,41.42,40.68,40.98,40.98,747200940
2018-05-02,TSLA,40.61,41.09,40.04,40.49,40.49,577343369
2018-05-03,TSLA,41.3,41.44,41.1,41.44,41.44,1707529734
2018-05-04,TSLA,41.71,41.81,41.71,41.81,41.81,936351721
2018-05-07,TSLA,41.08,41.53,40.83,41.28,41.28,499691609
2018-05-08,TSLA,41.7,42.19,41.7,41.83,41.83,603071873
2018-05-09,TSLA,41.88,42.77,41.88,41.95,41.95,1567445224
2018-05-10,TSLA,43.19,43.19,43.0,43.0,43.0,2089224346
2018-05-11,TSLA,42.28,42.84,41.71,42.27,42.27,2001172184
2018-05-14,TSLA,42.32,42.32,41.77,41.95,41.95,1259800534
2018-05-15,TSLA,41.18,41.81,41.18,41.56,41.56,687398732
2018-05-16,TSLA,40.09,40.23,40.09,40.09,40.09,114386280
2018-05-17,TSLA,40.47,41.09,39.9,40.4,40.4,956026331
2018-05-18,TSLA,41.03,41.03,40.42,40.69,40.69,799024961
2018-05-21,TSLA,40.35,40.71,40.03,40.71,40.71,869987374
2018-05-22,TSLA,40.55,40.55,40.49,40.49,40.49,826192543
2018-05-23,TSLA,39.38,39.38,39.11,39.11,39.11,360947365
2018-05-24,TSLA,38.52,38.75,38.24,38.72,38.72,1117595270
2018-05-25,TSLA,38.69,38.69,38.4,38.4,38.4,1168900953
2018-05-28,TSLA,37.3,38.15,37.05,37.66,37.66,1204587798
2018-05-29,TSLA,37.7,37.7,37.53,37.53,37.53,1411538670
2018-05-30,TSLA,38.25,38.25,37.81,37.93,37.93,1149313893
2018-05-31,TSLA,39.9,39.9,39.02,39.78,39.78,625450252
2018-06-01,TSLA,39.92,40.46,39.44,39.97,39.97,766617003
2018-06-04,TSLA,39.88,40.69,39.88,40.25,40.25,844854448
2018-06-05,TSLA,40.53,40.53,39.65,40.19,40.19,853298230
2018-06-06,TSLA,38.31,38.84,37.86,38.33,38.33,1455958951
2018-06-07,TSLA,37.96,38.38,37.73,38.32,38.32,1176960673
2018-06-08,TSLA,38.54,38.54,38.23,38.4,38.4,2781916912
2018-06-11,TSLA,40.84,41.06,40.77,40.86,40.86,3006015810
2018-06-12,TSLA,40.38,40.68,40.12,40.68,40.68,839057460
2018-06-13,TSLA,40.77,41.01,40.72,41.01,41.01,80037567
2018-06-14,TSLA,40.64,41.62,40.39,40.99,40.99,1680066948
2018-06-15,TSLA,39.89,40.59,39.39,39.83,39.83,578398824
2018-06-18,TSLA,41.11,41.4,40.72,41.01,41.01,494525683
2018-06-19,TSLA,41.81,42.08,41.8,41.8,41.8,629812576
2018-06-20,TSLA,42.93,42.93,41.76,42.66,42.66,611860070
2018-06-21,TSLA,42.02,42.02,41.51,41.72,41.72,1154995039
2018-06-22,TSLA,43.33,43.36,43.06,43.23,43.23,313822636
2018-06-25,TSLA,41.36,41.76,41.36,41.76,41.76,418994165
2018-06-26,TSLA,42.57,42.76,42.4,42.4,42.4,982779296
2018-06-27,TSLA,44.74,45.72,44.74,44.81,44.81,1162415980
2018-06-28,TSLA,43.79,43.79,43.34,43.74,43.74,1175459517
2018-06-29,TSLA,43.27,43.27,42.32,43.14,43.14,498831156
2018-07-02,TSLA,43.14,43.97,42.7,43.27,43.27,444757883
2018-07-03,TSLA,43.11,43.11,42.34,42.75,42.75,590227786
2018-07-04,TSLA,40.84,41.14,40.84,41.14,41.14,923723785
2018-07-05,TSLA,41.38,41.38,41.24,41.24,41.24,1950372899
2018-07-06,TSLA,39.78,40.19,39.78,40.17,40.17,234165265
2018-07-09,TSLA,41.02,41.11,40.67,40.67,40.67,700680627
2018-07-10,TSLA,39.46,39.96,39.46,39.77,39.77,359560473
2018-07-11,TSLA,41.02,41.36,41.02,41.36,41.36,296825325
2018-07-12,TSLA,40.44,41.15,40.22,40.58,40.58,1428904619
2018-07-13,TSLA,40.17,40.84,39.57,40.27,40.27,1109055672
2018-07-16,TSLA,40.88,41.75,40.88,41.12,41.12,1047487325
2018-07-17,TSLA,39.96,39.96,39.08,39.89,39.89,1390063829
2018-07-18,TSLA,40.09,40.14,40.03,40.14,40.14,599837091
2018-07-19,TSLA,41.11,42.35,41.11,41.49,41.49,617023389
2018-07-20,TSLA,39.73,40.31,39.73,39.88,39.88,2968843648
2018-07-23,TSLA,40.33,40.33,40.08,40.08,40.08,689900103
2018-07-24,TSLA,40.52,40.52,39.97,40.36,40.36,1243355074
2018-07-25,TSLA,41.36,41.38,41.18,41.18,41.18,802970813
2018-07-26,TSLA,40.1,40.47,39.66,39.94,39.94,263890521
2018-07-27,TSLA,38.52,38.81,38.52,38.67,38.67,234560145
2018-07-30,TSLA,38.88,39.29,38.88,39.19,39.19,565154367
2018-07-31,TSLA,39.33,39.5,39.33,39.5,39.5,1507412966
2018-08-01,TSLA,40.04,40.09,39.77,39.77,39.77,1283652021
2018-08-02,TSLA,40.52,40.61,39.56,40.14,40.14,1384280432
2018-08-03,TSLA,39.48,39.48,39.48,39.48,39.48,442420919
2018-08-06,TSLA,39.34,40.22,39.34,39.73,39.73,2109092282
2018-08-07,TSLA,39.75,40.78,39.75,40.04,40.04,448340712
2018-08-08,TSLA,39.21,39.35,38.71,39.35,39.35,908853651
2018-08-09,TSLA,41.32,41.53,41.25,41.25,41.25,794949084
2018-08-10,TSLA,41.41,41.76,41.41,41.76,41.76,720658336
2018-08-13,TSLA,40.92,41.01,39.94,40.56,40.56,1785840988
2018-08-14,TSLA,41.14,41.78,40.8,41.25,41.25,523964078
2018-08-15,TSLA,40.61,40.61,39.98,40.28,40.28,355927226
2018-08-16,TSLA,41.33,41.47,41.09,41.1,41.1,809556635
2018-08-17,TSLA,42.54,42.54,42.32,42.32,42.32,629290756
2018-08-20,TSLA,41.57,42.2,41.37,41.48,41.48,6068818343
2018-08-21,TSLA,42.62,42.7,42.52,42.52,42.52,1200380570
2018-08-22,TSLA,43.1,43.1,42.97,42.98,42.98,625708806
2018-08-23,TSLA,44.01,44.19,43.16,43.89,43.89,424462006
2018-08-24,TSLA,46.1,46.97,45.66,46.05,46.05,258867512
2018-08-27,TSLA,46.23,46.23,45.44,45.79,45.79,432402985
2018-08-28,TSLA,45.16,45.57,44.68,44.95,44.95,857014214
2018-08-29,TSLA,44.23,44.62,43.34,43.99,43.99,1883499257
2018-08-30,TSLA,43.44,43.44,43.12,43.12,43.12,1567916469
2018-08-31,TSLA,42.81,43.79,42.66,43.06,43.06,917769565
2018-09-03,TSLA,43.09,43.45,42.91,43.45,43.45,658911244
2018-09-04,TSLA,43.76,43.77,43.72,43.77,43.77,939903166
2018-09-05,TSLA,44.72,44.72,44.08,44.71,44.71,585992296
2018-09-06,TSLA,45.04,45.36,44.74,44.74,44.74,2242861622
2018-09-07,TSLA,46.37,46.67,46.37,46.42,46.42,714065955
2018-09-10,TSLA,46.2,46.2,46.14,46.14,46.14,759520054
2018-09-11,TSLA,49.44,49.51,48.56,49.41,49.41,211663126
2018-09-12,TSLA,49.75,50.44,49.75,50.21,50.21,711395500
2018-09-13,TSLA,49.29,49.29,49.17,49.17,49.17,1321311291
2018-09-14,TSLA,48.21,49.39,47.9,47.9,47.9,421515224
2018-09-17,TSLA,48.17,49.45,47.94,48.5,48.5,509819754
2018-09-18,TSLA,48.35,48.68,48.25,48.25,48.25,1287060291
2018-09-19,TSLA,49.24,49.91,49.15,49.15,49.15,329802868
2018-09-20,TSLA,49.42,49.76,49.42,49.76,49.76,1508951090
2018-09-21,TSLA,49.32,50.42,49.32,49.69,49.69,581262875
2018-09-24,TSLA,49.14,49.14,48.14,48.67,48.67,633556073
2018-09-25,TSLA,46.79,47.21,46.77,46.89,46.89,407549500
2018-09-26,TSLA,46.14,46.39,45.7,46.39,46.39,1003568270
2018-09-27,TSLA,47.1,48.32,47.1,47.42,47.42,3499630369
2018-09-28,TSLA,47.85,47.85,47.09,47.69,47.69,1278429672
2018-10-01,TSLA,46.36,46.36,45.72,46.25,46.25,476238264
2018-10-02,TSLA,46.61,46.61,45.95,46.48,46.48,1581077401
2018-10-03,TSLA,46.56,47.14,46.56,46.95,46.95,661481300
2018-10-04,TSLA,46.31,46.31,45.35,45.95,45.95,1824717447
2018-10-05,TSLA,46.04,46.57,46.04,46.15,46.15,1297890175
2018-10-08,TSLA,46.06,46.86,46.06,46.24,46.24,136811559
2018-10-09,TSLA,44.92,44.96,44.36,44.96,44.96,437922372
2018-10-10,TSLA,45.28,45.87,44.22,45.38,45.38,1409683620
2018-10-11,TSLA,46.38,46.38,45.28,46.04,46.04,876103123
2018-10-12,TSLA,47.74,48.28,47.33,47.33,47.33,432782751
2018-10-15,TSLA,48.43,49.13,48.43,48.62,48.62,546938154
2018-10-16,TSLA,47.34,47.34,46.89,47.0,47.0,254868434
2018-10-17,TSLA,46.19,46.24,45.21,45.93,45.93,758593051
2018-10-18,TSLA,46.95,46.95,46.55,46.55,46.55,3013638035
2018-10-19,TSLA,46.93,47.3,46.93,47.17,47.17,1296533542
2018-10-22,TSLA,47.88,48.45,47.81,47.81,47.81,2977203281
2018-10-23,TSLA,52.43,52.67,52.43,52.67,52.67,1358216465
2018-10-24,TSLA,53.79,53.79,52.69,53.45,53.45,1481746958
2018-10-25,TSLA,54.47,55.03,54.34,55.01,55.01,2614783691
2018-10-26,TSLA,56.44,57.0,55.48,56.37,56.37,1003096904
2018-10-29,TSLA,57.14,57.32,56.85,57.32,57.32,714907418
2018-10-30,TSLA,56.7,56.9,56.25,56.9,56.9,1486357762
2018-10-31,TSLA,58.19,58.85,57.54,58.02,58.02,1913699549
2018-11-01,TSLA,57.34,57.77,56.46,56.94,56.94,599748653
2018-11-02,TSLA,56.75,56.75,56.63,56.63,56.63,518815325
2018-11-05,TSLA,56.37,56.37,55.97,55.97,55.97,869399776
2018-11-06,TSLA,55.85,56.11,55.85,56.11,56.11,1317364939
2018-11-07,TSLA,59.51,59.51,59.49,59.49,59.49,1291221658
2018-11-08,TSLA,56.74,56.97,55.89,56.8,56.8,340354894
2018-11-09,TSLA,57.25,58.67,57.25,57.81,57.81,2518586429
2018-11-12,TSLA,55.62,55.97,55.0,55.55,55.55,544457825
2018-11-13,TSLA,55.11,55.19,54.67,54.93,54.93,682287036
2018-11-14,TSLA,56.58,56.69,55.91,56.47,56.47,465399802
2018-11-15,TSLA,56.86,57.28,56.59,56.59,56.59,4037927093
2018-11-16,TSLA,55.19,55.34,54.58,55.11,55.11,924942750
2018-11-19,TSLA,53.69,55.07,53.11,54.16,54.16,480056782
2018-11-20,TSLA,54.7,55.52,54.7,55.12,55.12,1343244952
2018-11-21,TSLA,54.25,54.25,53.29,54.15,54.15,1268982794
2018-11-22,TSLA,54.22,54.84,54.22,54.47,54.47,714693105
2018-11-23,TSLA,54.1,54.58,54.1,54.56,54.56,1324583659
2018-11-26,TSLA,53.63,54.02,53.63,53.7,53.7,487511688
2018-11-27,TSLA,56.75,56.8,56.69,56.69,56.69,595105366
2018-11-28,TSLA,57.42,57.62,57.42,57.62,57.62,239453549
2018-11-29,TSLA,55.04,55.83,53.96,54.8,54.8,361448218
2018-11-30,TSLA,55.24,55.24,55.08,55.08,55.08,2366264725
2018-12-03,TSLA,54.03,54.97,54.03,54.21,54.21,2141681653
2018-12-04,TSLA,55.68,55.68,55.4,55.4,55.4,832108325
2018-12-05,TSLA,54.5,54.99,53.48,54.34,54.34,2169491983
2018-12-06,TSLA,54.36,54.78,54.21,54.21,54.21,726649868
2018-12-07,TSLA,54.99,55.43,54.93,54.93,54.93,691209706
2018-12-10,TSLA,55.61,56.16,55.61,56.16,56.16,827489014
2018-12-11,TSLA,54.74,54.74,54.19,54.52,54.52,742138946
2018-12-12,TSLA,53.96,54.1,53.31,54.1,54.1,703010373
2018-12-13,TSLA,53.96,53.96,53.18,53.48,53.48,1588472761
2018-12-14,TSLA,52.98,53.1,52.64,52.64,52.64,875303632
2018-12-17,TSLA,55.14,55.94,55.04,55.04,55.04,1226571920
2018-12-18,TSLA,55.36,56.4,54.98,55.63,55.63,1485219359
2018-12-19,TSLA,53.61,54.65,52.94,53.93,53.93,1009692309
2018-12-20,TSLA,55.03,56.03,55.0,55.21,55.21,446896331
2018-12-21,TSLA,58.22,58.61,58.13,58.25,58.25,355231577
2018-12-24,TSLA,59.56,59.8,59.56,59.8,59.8,874592289
2018-12-25,TSLA,57.62,58.47,57.6,57.6,57.6,721791025
2018-12-26,TSLA,56.55,57.74,55.81,56.93,56.93,842964039
2018-12-27,TSLA,59.36,59.36,58.44,58.79,58.79,792234170
2018-12-28,TSLA,57.34,57.79,56.82,57.79,57.79,3769258731
2018-12-31,TSLA,58.97,58.97,58.46,58.46,58.46,360089887
2019-01-01,TSLA,60.13,60.13,59.21,59.64,59.64,242383620
2019-01-02,TSLA,58.33,59.52,57.8,58.3,58.3,976442184
2019-01-03,TSLA,58.5,58.59,57.57,58.24,58.24,638189913
2019-01-04,TSLA,53.67,53.73,53.67,53.73,53.73,966933925
2019-01-07,TSLA,52.54,53.48,52.4,52.4,52.4,1135489660
2019-01-08,TSLA,51.93,52.1,51.93,52.1,52.1,1728401477
2019-01-09,TSLA,50.32,50.54,50.14,50.52,50.52,323809036
2019-01-10,TSLA,52.73,52.73,52.06,52.65,52.65,572755373
2019-01-11,TSLA,50.82,51.26,50.03,50.83,50.83,1034575211
2019-01-14,TSLA,50.37,51.25,50.29,50.29,50.29,1269994183
2019-01-15,TSLA,50.27,50.48,49.53,50.48,50.48,2982625322
2019-01-16,TSLA,52.22,53.0,52.22,52.36,52.36,1419289714
2019-01-17,TSLA,50.12,50.64,50.12,50.54,50.54,773106090
2019-01-18,TSLA,51.59,52.95,51.59,52.06,52.06,468824261
2019-01-21,TSLA,51.84,52.52,51.84,52.1,52.1,570159148
2019-01-22,TSLA,50.42,51.35,50.42,50.86,50.86,560521582
2019-01-23,TSLA,51.07,51.47,50.82,51.47,51.47,1185155915
2019-01-24,TSLA,52.08,53.1,51.64,51.76,51.76,933263804
2019-01-25,TSLA,50.54,51.74,50.54,51.01,51.01,361513613
2019-01-28,TSLA,51.29,51.29,50.36,51.12,51.12,615816211
2019-01-29,TSLA,50.43,51.18,50.36,50.66,50.66,1354270177
2019-01-30,TSLA,51.2,51.2,50.83,50.83,50.83,987806526
2019-01-31,TSLA,51.69,52.52,51.69,51.7,51.7,1125155144
2019-02-01,TSLA,53.61,53.82,53.04,53.82,53.82,1006508276
2019-02-04,TSLA,52.22,52.59,51.63,52.2,52.2,2122495679
2019-02-05,TSLA,54.96,55.5,54.57,55.09,55.09,921603677
2019-02-06,TSLA,52.56,52.56,51.7,52.49,52.49,634524413
2019-02-07,TSLA,51.91,52.32,51.91,52.32,52.32,461755909
2019-02-08,TSLA,53.65,53.65,53.12,53.12,53.12,929135995
2019-02-11,TSLA,53.44,53.7,53.44,53.52,53.52,184946581
2019-02-12,TSLA,52.56,52.72,51.96,52.72,52.72,716168905
2019-02-13,TSLA,52.69,53.12,52.47,52.47,52.47,706968086
2019-02-14,TSLA,51.71,51.85,51.66,51.85,51.85,352766699
2019-02-15,TSLA,51.46,51.46,50.75,51.12,51.12,458302725
2019-02-18,TSLA,52.19,52.75,52.07,52.24,52.24,1300213759
2019-02-19,TSLA,52.97,52.97,52.0,52.74,52.74,918660371
2019-02-20,TSLA,51.45,52.76,51.45,51.86,51.86,850277224
2019-02-21,TSLA,53.43,53.75,53.06,53.06,53.06,961310985
2019-02-22,TSLA,53.75,53.79,52.84,53.5,53.5,845616540
2019-02-25,TSLA,54.31,55.14,53.7,54.62,54.62,1686156537
2019-02-26,TSLA,55.12,56.53,54.64,55.52,55.52,861389644
2019-02-27,TSLA,54.2,54.4,53.54,54.4,54.4,333472890
2019-02-28,TSLA,54.18,54.18,53.47,53.67,53.67,2127211872
2019-03-01,TSLA,54.45,54.71,54.45,54.71,54.71,998938886
2019-03-04,TSLA,55.53,56.49,54.76,55.58,55.58,561682758
2019-03-05,TSLA,55.06,55.59,54.34,55.58,55.58,377076623
2019-03-06,TSLA,55.65,56.03,55.65,55.77,55.77,1014385180
2019-03-07,TSLA,57.69,58.62,57.61,57.61,57.61,745597745
2019-03-08,TSLA,57.3,57.74,56.01,56.79,56.79,2056945745
2019-03-11,TSLA,57.62,57.77,57.19,57.6,57.6,649982262
2019-03-12,TSLA,57.7,57.7,57.34,57.34,57.34,483988413
2019-03-13,TSLA,57.11,57.95,56.45,57.05,57.05,1369179826
2019-03-14,TSLA,58.13,59.39,57.81,58.67,58.67,1393618077
2019-03-15,TSLA,59.7,59.92,59.7,59.92,59.92,885081970
2019-03-18,TSLA,61.28,61.28,61.18,61.18,61.18,1200272232
2019-03-19,TSLA,63.81,64.16,63.24,63.24,63.24,782017539
2019-03-20,TSLA,63.76,63.79,63.31,63.31,63.31,920400132
2019-03-21,TSLA,64.08,65.08,64.08,64.43,64.43,1609186372
2019-03-22,TSLA,63.6,65.48,63.29,63.96,63.96,1164073117
2019-03-25,TSLA,64.13,64.86,63.56,64.51,64.51,722649832
2019-03-26,TSLA,64.88,64.88,63.3,64.34,64.34,1800657166
2019-03-27,TSLA,64.98,64.98,63.71,64.52,64.52,193557808
2019-03-28,TSLA,65.88,65.88,65.52,65.52,65.52,2740055429
2019-03-29,TSLA,64.09,64.24,64.09,64.23,64.23,287411212
2019-04-01,TSLA,67.71,68.38,67.71,67.71,67.71,549074287
2019-04-02,TSLA,66.01,66.32,65.97,66.06,66.06,780503263
2019-04-03,TSLA,63.8,65.18,63.23,64.12,64.12,732600871
2019-04-04,TSLA,66.04,66.04,65.12,66.03,66.03,1463134112
2019-04-05,TSLA,66.75,67.81,66.75,67.38,67.38,424022903
2019-04-08,TSLA,67.97,68.8,67.97,68.48,68.48,935376883
2019-04-09,TSLA,70.13,70.13,69.6,69.6,69.6,565416248
2019-04-10,TSLA,69.96,70.11,69.61,69.61,69.61,954868877
2019-04-11,TSLA,67.99,68.1,67.99,68.1,68.1,769411614
2019-04-12,TSLA,68.28,68.98,68.26,68.26,68.26,845772857
2019-04-15,TSLA,66.97,67.15,66.11,67.15,67.15,575094596
2019-04-16,TSLA,69.17,69.17,68.76,68.84,68.84,589014659
2019-04-17,TSLA,69.01,69.01,68.62,68.62,68.62,950371490
2019-04-18,TSLA,67.6,67.96,66.61,67.25,67.25,1409117281
2019-04-19,TSLA,67.04,68.1,66.74,66.74,66.74,558649263
2019-04-22,TSLA,67.07,67.91,66.68,67.47,67.47,474959204
2019-04-23,TSLA,66.34,67.14,66.34,66.56,66.56,1155820246
2019-04-24,TSLA,65.2,65.5,64.25,65.23,65.23,784453350
2019-04-25,TSLA,65.44,66.5,65.44,65.67,65.67,1316574178
2019-04-26,TSLA,66.44,66.44,65.42,66.1,66.1,464523019
2019-04-29,TSLA,65.08,65.3,65.08,65.3,65.3,275015122
2019-04-30,TSLA,64.1,64.57,63.93,64.57,64.57,580962954
2019-05-01,TSLA,64.84,65.31,64.13,64.97,64.97,505060324
2019-05-02,TSLA,63.3,63.3,62.62,62.7,62.7,762968237
2019-05-03,TSLA,60.22,60.56,60.22,60.56,60.56,545870797
2019-05-06,TSLA,59.64,59.64,58.91,59.51,59.51,1247753000
2019-05-07,TSLA,59.14,60.09,58.42,59.22,59.22,672901718
2019-05-08,TSLA,59.2,59.71,59.2,59.71,59.71,875481605
2019-05-09,TSLA,61.97,62.42,61.79,61.98,61.98,879250796
2019-05-10,TSLA,63.62,63.62,63.36,63.36,63.36,899161351
2019-05-13,TSLA,63.15,63.9,62.36,63.14,63.14,788405046
2019-05-14,TSLA,63.61,63.61,63.1,63.14,63.14,1086644575
2019-05-15,TSLA,61.35,61.61,61.11,61.61,61.61,496258202
2019-05-16,TSLA,61.1,61.85,60.52,61.61,61.61,1852219998
2019-05-17,TSLA,61.73,61.73,60.99,61.19,61.19,694065968
2019-05-20,TSLA,61.57,61.72,61.57,61.72,61.72,364147847
2019-05-21,TSLA,60.58,60.58,60.49,60.49,60.49,895456331
2019-05-22,TSLA,61.66,61.66,60.89,61.31,61.31,479997623
2019-05-23,TSLA,63.51,63.73,63.51,63.73,63.73,1192360414
2019-05-24,TSLA,63.86,63.86,63.1,63.59,63.59,3011678331
2019-05-27,TSLA,63.79,65.1,63.79,64.26,64.26,498970106
2019-05-28,TSLA,65.14,65.74,64.6,65.41,65.41,976439548
2019-05-29,TSLA,64.33,64.89,63.94,64.79,64.79,278992831
2019-05-30,TSLA,65.59,65.59,64.46,65.19,65.19,1050301536
2019-05-31,TSLA,64.88,66.48,64.88,65.24,65.24,470154405
2019-06-03,TSLA,65.72,65.72,64.6,65.43,65.43,549818745
2019-06-04,TSLA,64.78,64.78,64.21,64.21,64.21,413111506
2019-06-05,TSLA,64.32,64.87,63.72,64.28,64.28,1241133281
2019-06-06,TSLA,65.17,65.17,65.12,65.12,65.12,1463918548
2019-06-07,TSLA,67.5,67.56,66.46,67.56,67.56,811204816
2019-06-10,TSLA,68.99,69.27,68.99,69.23,69.23,476197849
2019-06-11,TSLA,73.06,74.36,73.06,73.09,73.09,2076010420
2019-06-12,TSLA,71.89,72.43,70.68,71.74,71.74,509914653
2019-06-13,TSLA,74.07,74.07,73.36,73.36,73.36,218605789
2019-06-14,TSLA,74.38,75.49,73.59,73.73,73.73,1053130933
2019-06-17,TSLA,78.48,78.48,77.92,77.92,77.92,412247805
2019-06-18,TSLA,76.99,76.99,76.4,76.4,76.4,1447589036
2019-06-19,TSLA,74.8,74.85,74.37,74.85,74.85,636386971
2019-06-20,TSLA,74.0,74.0,73.0,73.77,73.77,1149080557
2019-06-21,TSLA,70.54,70.54,69.01,69.99,69.99,1854535705
2019-06-24,TSLA,68.96,70.31,67.61,69.11,69.11,387290138
2019-06-25,TSLA,68.47,68.48,67.06,67.84,67.84,569595900
2019-06-26,TSLA,68.02,68.4,67.08,68.13,68.13,764396626
2019-06-27,TSLA,68.89,68.89,68.3,68.75,68.75,2012273051
2019-06-28,TSLA,72.39,73.04,72.08,72.08,72.08,538862163
2019-07-01,TSLA,74.52,75.18,72.58,73.85,73.85,559916253
2019-07-02,TSLA,72.46,74.13,71.86,72.83,72.83,1065685771
2019-07-03,TSLA,71.6,71.6,71.25,71.25,71.25,565749955
2019-07-04,TSLA,72.2,72.72,71.5,72.17,72.17,876559838
2019-07-05,TSLA,69.53,69.86,68.77,69.86,69.86,315313376
2019-07-08,TSLA,73.57,73.57,71.98,73.17,73.17,3020227406
2019-07-09,TSLA,75.47,75.47,75.39,75.39,75.39,356332364
2019-07-10,TSLA,74.79,74.95,74.55,74.55,74.55,659470882
2019-07-11,TSLA,71.21,72.53,70.4,71.46,71.46,784464108
2019-07-12,TSLA,73.93,73.95,73.93,73.95,73.95,2520222127
2019-07-15,TSLA,73.95,73.95,73.64,73.78,73.78,361254238
2019-07-16,TSLA,75.99,76.15,75.99,76.14,76.14,2629928460
2019-07-17,TSLA,72.75,73.35,72.75,73.2,73.2,1259909957
2019-07-18,TSLA,72.81,72.81,71.79,72.14,72.14,1027358923
2019-07-19,TSLA,72.2,72.2,71.65,72.19,72.19,443061784
2019-07-22,TSLA,72.65,72.92,70.72,72.31,72.31,1126841862
2019-07-23,TSLA,71.41,71.53,70.54,71.53,71.53,518218759
2019-07-24,TSLA,72.48,72.69,72.48,72.69,72.69,1710406249
2019-07-25,TSLA,70.68,71.09,70.68,70.81,70.81,446684364
2019-07-26,TSLA,70.47,71.7,70.47,70.59,70.59,747395387
2019-07-29,TSLA,70.9,71.42,70.84,70.84,70.84,573252102
2019-07-30,TSLA,71.86,72.35,69.96,71.79,71.79,442294373
2019-07-31,TSLA,73.11,73.12,73.11,73.12,73.12,1247979761
2019-08-01,TSLA,70.6,71.37,70.6,71.12,71.12,1102973165
2019-08-02,TSLA,68.48,68.48,68.48,68.48,68.48,1652253778
2019-08-05,TSLA,70.27,71.7,70.27,70.74,70.74,274943157
2019-08-06,TSLA,70.83,72.72,70.83,71.36,71.36,1514729059
2019-08-07,TSLA,70.68,70.68,69.39,70.08,70.08,3596652336
2019-08-08,TSLA,73.03,73.85,72.87,72.88,72.88,610027957
2019-08-09,TSLA,73.36,73.65,71.84,73.13,73.13,2493839099
2019-08-12,TSLA,75.2,75.35,75.2,75.35,75.35,683066813
2019-08-13,TSLA,76.13,77.08,75.52,75.52,75.52,351090350
2019-08-14,TSLA,79.77,79.77,79.13,79.55,79.55,665880334
2019-08-15,TSLA,83.61,83.61,82.36,83.16,83.16,1500287180
2019-08-16,TSLA,82.46,82.68,82.41,82.68,82.68,483757405
2019-08-19,TSLA,85.54,85.54,84.13,84.76,84.76,557959426
2019-08-20,TSLA,86.73,86.73,85.06,86.18,86.18,1142087607
2019-08-21,TSLA,89.85,89.85,89.22,89.22,89.22,801372203
2019-08-22,TSLA,86.56,87.22,86.56,87.14,87.14,1135993881
2019-08-23,TSLA,88.28,89.27,88.28,88.69,88.69,922592061
2019-08-26,TSLA,90.72,91.11,89.91,91.11,91.11,1066635556
2019-08-27,TSLA,86.83,87.23,86.83,87.23,87.23,617147916
2019-08-28,TSLA,85.33,85.33,84.73,84.73,84.73,919222319
2019-08-29,TSLA,79.8,80.56,79.46,80.56,80.56,458548304
2019-08-30,TSLA,79.38,80.8,78.91,80.06,80.06,1732896587
2019-09-02,TSLA,81.18,82.21,80.96,81.55,81.55,546713342
2019-09-03,TSLA,84.2,85.89,84.2,84.71,84.71,1574665164
2019-09-04,TSLA,84.45,85.44,84.45,84.91,84.91,695287386
2019-09-05,TSLA,89.0,89.0,88.48,88.48,88.48,902969564
2019-09-06,TSLA,85.63,86.32,84.64,85.52,85.52,594375165
2019-09-09,TSLA,81.18,81.99,81.18,81.99,81.99,434802621
2019-09-10,TSLA,81.8,82.63,80.72,81.92,81.92,280797342
2019-09-11,TSLA,82.6,83.62,82.43,82.75,82.75,424662589
2019-09-12,TSLA,82.08,83.02,82.08,82.72,82.72,658618283
2019-09-13,TSLA,78.87,79.94,77.22,78.59,78.59,908338357
2019-09-16,TSLA,78.77,79.7,78.46,78.46,78.46,1466621932
2019-09-17,TSLA,76.31,76.83,75.33,75.98,75.98,612185270
2019-09-18,TSLA,77.65,78.78,77.22,77.3,77.3,471214301
2019-09-19,TSLA,77.27,78.05,77.27,78.05,78.05,336588316
2019-09-20,TSLA,76.96,76.96,76.27,76.27,76.27,1066916095
2019-09-23,TSLA,75.81,75.81,74.29,75.34,75.34,1834277869
2019-09-24,TSLA,74.0,74.0,71.64,73.4,73.4,1710066611
2019-09-25,TSLA,72.61,73.8,72.61,73.32,73.32,1224697423
2019-09-26,TSLA,75.78,76.03,74.15,75.13,75.13,1173346770
2019-09-27,TSLA,73.79,74.4,73.34,73.34,73.34,2215124104
2019-09-30,TSLA,74.81,74.81,74.3,74.3,74.3,976269151
2019-10-01,TSLA,72.77,73.36,72.29,73.36,73.36,1178699802
2019-10-02,TSLA,72.3,72.3,70.91,71.96,71.96,659854347
2019-10-03,TSLA,72.46,72.46,71.39,71.8,71.8,353280874
2019-10-04,TSLA,70.25,71.15,70.0,70.0,70.0,530691090
2019-10-07,TSLA,69.17,69.17,69.07,69.07,69.07,795518432
2019-10-08,TSLA,67.66,67.66,66.09,67.07,67.07,829614110
2019-10-09,TSLA,70.4,70.48,70.4,70.48,70.48,2540867799
2019-10-10,TSLA,70.71,71.24,69.48,70.57,70.57,839877243
2019-10-11,TSLA,69.35,69.93,69.35,69.38,69.38,1622616921
2019-10-14,TSLA,70.39,70.39,69.79,69.79,69.79,616120830
2019-10-15,TSLA,69.04,69.63,68.76,69.63,69.63,663470180
2019-10-16,TSLA,69.28,69.43,68.65,69.28,69.28,360353271
2019-10-17,TSLA,70.65,70.65,69.2,70.38,70.38,512393371
2019-10-18,TSLA,72.18,72.5,70.78,71.76,71.76,1097377231
2019-10-21,TSLA,70.97,71.26,70.85,70.85,70.85,803538862
2019-10-22,TSLA,70.45,70.45,68.84,69.87,69.87,1408460600
2019-10-23,TSLA,70.04,70.04,68.39,69.43,69.43,891799927
2019-10-24,TSLA,65.01,66.8,65.01,65.58,65.58,647434223
2019-10-25,TSLA,63.05,63.51,63.05,63.17,63.17,2902905933
2019-10-28,TSLA,64.78,66.16,64.78,65.4,65.4,756080083
2019-10-29,TSLA,67.95,68.18,67.59,68.18,68.18,1607266234
2019-10-30,TSLA,67.84,68.06,67.0,67.79,67.79,628768986
2019-10-31,TSLA,69.37,69.37,68.81,68.81,68.81,1224452555
2019-11-01,TSLA,69.86,69.86,69.38,69.38,69.38,1395905848
2019-11-04,TSLA,74.41,76.28,74.25,74.97,74.97,906494193
2019-11-05,TSLA,76.5,77.74,75.88,77.13,77.13,194766165
2019-11-06,TSLA,77.06,77.06,75.63,76.92,76.92,808710431
2019-11-07,TSLA,75.19,75.19,74.04,75.14,75.14,1673655559
2019-11-08,TSLA,71.88,72.66,71.88,72.22,72.22,1097706126
2019-11-11,TSLA,73.2,73.2,72.62,72.62,72.62,1045230555
2019-11-12,TSLA,71.91,71.91,71.22,71.3,71.3,284614399
2019-11-13,TSLA,68.71,69.5,68.71,68.84,68.84,519162221
2019-11-14,TSLA,68.3,68.3,67.35,67.77,67.77,1023828202
2019-11-15,TSLA,65.84,65.99,65.84,65.99,65.99,1023229834
2019-11-18,TSLA,69.2,69.84,68.87,68.87,68.87,1657870970
2019-11-19,TSLA,70.41,70.44,69.18,70.44,70.44,733310628
2019-11-20,TSLA,69.93,71.88,69.93,70.46,70.46,1020434600
2019-11-21,TSLA,73.78,73.78,73.15,73.15,73.15,807799583
2019-11-22,TSLA,73.26,74.43,72.27,73.33,73.33,442448379
2019-11-25,TSLA,72.14,72.3,70.64,71.8,71.8,206647541
2019-11-26,TSLA,74.43,75.67,74.18,74.63,74.63,1035971856
2019-11-27,TSLA,74.95,77.11,74.95,75.68,75.68,887898795
2019-11-28,TSLA,73.18,73.77,73.16,73.77,73.77,552020076
2019-11-29,TSLA,73.45,74.91,73.45,73.46,73.46,302773683
2019-12-02,TSLA,72.18,72.18,71.16,71.9,71.9,1167165163
2019-12-03,TSLA,69.26,69.84,69.26,69.49,69.49,681937081
2019-12-04,TSLA,71.44,71.44,71.06,71.16,71.16,1117237361
2019-12-05,TSLA,74.97,75.04,74.67,74.67,74.67,2447735426
2019-12-06,TSLA,72.44,72.44,71.82,72.14,72.14,221324713
2019-12-09,TSLA,73.19,73.92,73.19,73.2,73.2,525699079
2019-12-10,TSLA,72.65,72.65,72.05,72.05,72.05,705469877
2019-12-11,TSLA,71.2,72.04,70.54,71.22,71.22,1914831956
2019-12-12,TSLA,70.13,71.16,68.92,70.2,70.2,299659739
2019-12-13,TSLA,68.32,68.98,67.74,68.74,68.74,2555507357
2019-12-16,TSLA,68.59,68.85,67.51,68.85,68.85,867836196
2019-12-17,TSLA,66.85,67.47,66.85,67.47,67.47,755129339
2019-12-18,TSLA,68.14,68.14,67.06,67.96,67.96,710275969
2019-12-19,TSLA,67.57,67.91,67.31,67.91,67.91,615682631
2019-12-20,TSLA,67.27,67.55,67.27,67.54,67.54,1500208680
2019-12-23,TSLA,66.41,66.41,65.68,66.06,66.06,421313406
2019-12-24,TSLA,64.92,66.46,64.33,65.14,65.14,984110267
2019-12-25,TSLA,66.07,66.79,65.69,66.42,66.42,635225746
2019-12-26,TSLA,66.84,67.29,66.84,67.29,67.29,506340502
2019-12-27,TSLA,66.05,66.05,65.69,65.69,65.69,3774693806
2019-12-30,TSLA,65.4,65.89,65.4,65.89,65.89,1028564976
2019-12-31,TSLA,67.11,67.42,66.92,67.17,67.17,1155685286
2020-01-01,TSLA,64.47,65.32,64.03,64.46,64.46,1583124192
2020-01-02,TSLA,65.62,65.77,64.13,65.37,65.37,340930783
2020-01-03,TSLA,64.5,64.5,63.09,64.33,64.33,2288986878
2020-01-06,TSLA,65.69,66.58,64.18,65.28,65.28,177525655
2020-01-07,TSLA,63.5,65.21,63.5,64.08,64.08,504329384
2020-01-08,TSLA,61.03,61.57,60.82,61.28,61.28,607328868
2020-01-09,TSLA,58.61,59.27,58.61,58.87,58.87,1134019251
2020-01-10,TSLA,58.55,59.19,58.03,58.97,58.97,912073338
2020-01-13,TSLA,59.13,59.7,58.98,59.38,59.38,723717119
2020-01-14,TSLA,57.86,58.38,57.86,58.08,58.08,794164830
2020-01-15,TSLA,59.07,59.07,58.39,59.05,59.05,444822634
2020-01-16,TSLA,56.86,56.86,56.67,56.67,56.67,325756446
2020-01-17,TSLA,56.47,56.9,55.84,56.61,56.61,1236940678
2020-01-20,TSLA,55.18,55.18,54.94,54.94,54.94,1212831648
2020-01-21,TSLA,53.9,55.03,53.9,54.08,54.08,2069756128
2020-01-22,TSLA,53.95,54.9,53.53,54.17,54.17,497939798
2020-01-23,TSLA,53.09,53.89,52.6,53.05,53.05,1212183512
2020-01-24,TSLA,52.06,52.77,52.06,52.56,52.56,674698149
2020-01-27,TSLA,53.48,54.61,53.48,53.93,53.93,1633980649
2020-01-28,TSLA,53.1,53.18,52.87,53.18,53.18,1476850572
2020-01-29,TSLA,54.81,55.09,53.89,54.33,54.33,907973398
2020-01-30,TSLA,53.08,53.08,52.84,52.84,52.84,652474036
2020-01-31,TSLA,53.13,54.09,53.13,53.58,53.58,1423748910
2020-02-03,TSLA,55.95,55.95,55.21,55.57,55.57,1179247917
2020-02-04,TSLA,52.51,53.04,52.04,52.26,52.26,530502781
2020-02-05,TSLA,51.37,52.25,50.78,51.26,51.26,360614758
2020-02-06,TSLA,52.36,52.36,51.62,52.03,52.03,672747249
2020-02-07,TSLA,51.69,51.79,51.14,51.79,51.79,1985721754
2020-02-10,TSLA,52.01,53.07,52.01,52.3,52.3,1591419616
2020-02-11,TSLA,51.55,51.75,51.19,51.54,51.54,410383857
2020-02-12,TSLA,51.73,52.54,51.25,51.68,51.68,396959790
2020-02-13,TSLA,51.54,51.81,51.28,51.5,51.5,1718659235
2020-02-14,TSLA,53.12,53.37,53.05,53.05,53.05,404684559
2020-02-17,TSLA,53.9,53.9,53.42,53.42,53.42,1085793826
2020-02-18,TSLA,54.33,54.33,53.61,53.9,53.9,552717329
2020-02-19,TSLA,53.77,53.85,53.37,53.37,53.37,2110576468
2020-02-20,TSLA,53.07,53.07,52.48,52.75,52.75,503827809
2020-02-21,TSLA,52.67,52.67,52.07,52.21,52.21,1588437901
2020-02-24,TSLA,52.33,52.97,52.04,52.75,52.75,893730820
2020-02-25,TSLA,51.98,52.58,51.98,52.22,52.22,930578424
2020-02-26,TSLA,52.62,53.4,51.92,52.63,52.63,245256424
2020-02-27,TSLA,55.84,56.51,55.46,55.46,55.46,213308917
2020-02-28,TSLA,56.71,56.93,56.0,56.71,56.71,700749080
2020-03-02,TSLA,56.55,57.16,56.27,56.27,56.27,927630124
2020-03-03,TSLA,57.6,58.52,57.6,58.02,58.02,407226990
2020-03-04,TSLA,57.17,57.61,57.17,57.46,57.46,416244736
2020-03-05,TSLA,54.88,55.53,54.48,54.63,54.63,1120323789
2020-03-06,TSLA,52.94,53.3,52.56,53.3,53.3,1121253046
2020-03-09,TSLA,50.73,50.89,50.48,50.89,50.89,736452548
2020-03-10,TSLA,50.23,51.54,49.83,50.47,50.47,1277436321
2020-03-11,TSLA,50.36,50.64,50.36,50.51,50.51,395427739
2020-03-12,TSLA,52.92,53.66,52.5,52.7,52.7,646083331
2020-03-13,TSLA,53.02,54.19,53.02,53.16,53.16,2149984701
2020-03-16,TSLA,52.95,52.95,52.24,52.89,52.89,833374165
2020-03-17,TSLA,53.6,54.71,52.92,54.03,54.03,862881138
2020-03-18,TSLA,51.46,51.46,51.0,51.15,51.15,3190897147
2020-03-19,TSLA,51.34,51.57,51.34,51.48,51.48,345462515
2020-03-20,TSLA,52.66,53.07,52.48,52.5,52.5,1289935714
2020-03-23,TSLA,50.85,51.9,50.47,50.62,50.62,2170865489
2020-03-24,TSLA,51.81,52.12,51.81,52.12,52.12,658243343
2020-03-25,TSLA,52.99,52.99,51.61,52.58,52.58,1339789664
2020-03-26,TSLA,52.19,52.67,52.07,52.07,52.07,443757278
2020-03-27,TSLA,52.85,53.56,52.85,52.92,52.92,529773737
2020-03-30,TSLA,55.69,56.84,55.41,56.04,56.04,1007743842
2020-03-31,TSLA,56.82,56.82,56.32,56.32,56.32,1291590192
2020-04-01,TSLA,56.99,56.99,55.84,56.7,56.7,1567208592
2020-04-02,TSLA,55.76,56.16,55.76,56.08,56.08,2051377082
2020-04-03,TSLA,54.75,55.53,54.27,54.93,54.93,768178022
2020-04-06,TSLA,56.46,56.46,56.11,56.11,56.11,1637058798
2020-04-07,TSLA,55.16,55.16,54.07,54.95,54.95,651388693
2020-04-08,TSLA,55.37,56.11,55.07,55.07,55.07,1374361074
2020-04-09,TSLA,54.38,54.45,54.38,54.45,54.45,905948735
2020-04-10,TSLA,55.37,56.25,55.13,55.13,55.13,1045129610
2020-04-13,TSLA,55.49,56.06,55.49,55.62,55.62,1031319332
2020-04-14,TSLA,56.78,57.77,56.78,57.11,57.11,305413451
2020-04-15,TSLA,56.56,56.56,55.14,56.41,56.41,407489973
2020-04-16,TSLA,56.59,56.59,55.67,56.06,56.06,850661520
2020-04-17,TSLA,54.52,55.45,53.88,54.73,54.73,290650639
2020-04-20,TSLA,54.11,54.82,54.11,54.15,54.15,1317137504
2020-04-21,TSLA,54.88,55.66,54.29,54.69,54.69,1349410381
2020-04-22,TSLA,55.81,55.81,55.76,55.76,55.76,973396764
2020-04-23,TSLA,54.9,55.03,54.52,54.52,54.52,408221138
2020-04-24,TSLA,56.04,56.31,55.15,55.75,55.75,1830918084
2020-04-27,TSLA,57.19,57.99,57.09,57.7,57.7,2715729329
2020-04-28,TSLA,58.91,59.08,57.85,58.32,58.32,873698664
2020-04-29,TSLA,61.46,62.13,60.69,61.16,61.16,1086601993
2020-04-30,TSLA,60.45,60.91,59.38,60.01,60.01,902828519
2020-05-01,TSLA,58.38,58.38,57.11,58.2,58.2,1099610115
2020-05-04,TSLA,56.1,56.1,55.7,55.7,55.7,744530775
2020-05-05,TSLA,57.4,57.85,57.4,57.85,57.85,783484201
2020-05-06,TSLA,58.65,58.83,58.19,58.83,58.83,1377354628
2020-05-07,TSLA,59.22,59.22,58.36,58.78,58.78,3267772826
2020-05-08,TSLA,58.87,59.22,58.0,59.22,59.22,345311428
2020-05-11,TSLA,57.12,57.61,57.12,57.61,57.61,751598259
2020-05-12,TSLA,61.62,61.62,61.27,61.27,61.27,393945726
2020-05-13,TSLA,61.91,62.4,60.55,61.5,61.5,2079129096
2020-05-14,TSLA,61.28,62.78,60.9,61.69,61.69,562193816
2020-05-15,TSLA,63.3,63.3,62.85,62.85,62.85,336490179
2020-05-18,TSLA,63.88,65.01,63.6,63.65,63.65,1173095946
2020-05-19,TSLA,64.06,64.59,63.06,64.03,64.03,2278052319
2020-05-20,TSLA,63.23,63.23,62.54,62.81,62.81,1191118622
2020-05-21,TSLA,63.49,63.59,62.86,63.59,63.59,904487213
2020-05-22,TSLA,66.28,67.13,66.14,66.68,66.68,1022467390
2020-05-25,TSLA,68.7,70.08,68.7,69.0,69.0,1869439326
2020-05-26,TSLA,71.84,72.34,71.84,71.84,71.84,473413815
2020-05-27,TSLA,71.0,71.0,70.68,70.96,70.96,747983694
2020-05-28,TSLA,69.68,69.68,69.26,69.26,69.26,609644105
2020-05-29,TSLA,69.48,69.48,68.72,69.08,69.08,396934094
2020-06-01,TSLA,69.32,69.32,69.21,69.21,69.21,656855651
2020-06-02,TSLA,71.56,71.56,70.35,71.16,71.16,1554830941
2020-06-03,TSLA,67.82,68.24,67.82,68.24,68.24,1123777133
2020-06-04,TSLA,70.3,71.93,70.3,70.94,70.94,1177413946
2020-06-05,TSLA,71.22,72.18,69.48,70.69,70.69,873383552
2020-06-08,TSLA,69.38,69.98,69.38,69.98,69.98,1094971606
2020-06-09,TSLA,67.92,69.64,67.92,68.26,68.26,494790893
2020-06-10,TSLA,65.78,65.78,65.28,65.53,65.53,664332987
2020-06-11,TSLA,66.8,66.92,66.23,66.92,66.92,897570783
2020-06-12,TSLA,67.58,67.58,67.08,67.08,67.08,944824274
2020-06-15,TSLA,64.72,65.37,64.72,64.98,64.98,969327134
2020-06-16,TSLA,62.33,63.98,62.21,62.94,62.94,736190025
2020-06-17,TSLA,62.2,62.66,62.2,62.45,62.45,637806790
2020-06-18,TSLA,65.24,65.24,63.62,65.14,65.14,5319593724
2020-06-19,TSLA,64.59,65.09,63.88,64.75,64.75,1378238902
2020-06-22,TSLA,62.43,62.43,61.95,62.39,62.39,1024928289
2020-06-23,TSLA,62.51,63.42,62.04,62.04,62.04,695453633
2020-06-24,TSLA,62.16,62.16,61.65,61.65,61.65,610182532
2020-06-25,TSLA,57.39,57.85,56.56,57.66,57.66,739525737
2020-06-26,TSLA,57.56,58.09,57.56,57.61,57.61,953545123
2020-06-29,TSLA,57.36,58.0,56.5,57.3,57.3,258844660
2020-06-30,TSLA,58.86,58.86,57.46,58.34,58.34,311953982
2020-07-01,TSLA,61.74,61.88,59.72,61.13,61.13,545858622
2020-07-02,TSLA,62.57,62.9,62.57,62.9,62.9,905758853
2020-07-03,TSLA,62.8,63.52,62.51,62.51,62.51,692927623
2020-07-06,TSLA,60.69,61.59,60.69,60.84,60.84,1941783535
2020-07-07,TSLA,64.27,65.56,64.27,64.91,64.91,328669067
2020-07-08,TSLA,64.4,65.27,63.37,65.04,65.04,509628566
2020-07-09,TSLA,65.04,65.18,65.04,65.09,65.09,1991303018
2020-07-10,TSLA,65.07,65.09,64.97,65.09,65.09,865373353
2020-07-13,TSLA,64.82,66.37,64.82,65.44,65.44,1360210834
2020-07-14,TSLA,65.48,65.48,64.4,65.24,65.24,2738697189
2020-07-15,TSLA,64.07,64.91,64.07,64.34,64.34,527530556
2020-07-16,TSLA,63.57,63.62,63.08,63.5,63.5,753629478
2020-07-17,TSLA,63.22,63.48,63.22,63.48,63.48,679279923
2020-07-20,TSLA,62.23,62.98,62.19,62.65,62.65,247579969
2020-07-21,TSLA,61.46,61.57,60.61,61.57,61.57,663979555
2020-07-22,TSLA,61.44,62.38,61.44,61.77,61.77,1357129049
2020-07-23,TSLA,61.45,61.45,60.54,61.4,61.4,1106373874
2020-07-24,TSLA,63.4,63.79,63.4,63.79,63.79,1159726341
2020-07-27,TSLA,59.74,60.1,59.48,59.73,59.73,638539829
2020-07-28,TSLA,60.99,61.41,60.75,61.41,61.41,539601605
2020-07-29,TSLA,63.6,63.6,63.38,63.38,63.38,1713070828
2020-07-30,TSLA,60.52,60.92,59.45,60.21,60.21,593536762
2020-07-31,TSLA,59.26,59.73,58.78,59.73,59.73,954262380
2020-08-03,TSLA,59.16,60.05,59.16,59.2,59.2,882263046
2020-08-04,TSLA,56.69,57.18,56.55,57.18,57.18,1922765227
2020-08-05,TSLA,56.22,56.22,56.11,56.11,56.11,1432729802
2020-08-06,TSLA,54.34,55.03,54.34,54.6,54.6,367724593
2020-08-07,TSLA,57.1,57.21,57.07,57.07,57.07,392272810
2020-08-10,TSLA,58.47,58.47,58.38,58.45,58.45,1132106496
2020-08-11,TSLA,60.88,60.88,60.04,60.37,60.37,769612278
2020-08-12,TSLA,61.56,61.56,61.5,61.5,61.5,608737032
2020-08-13,TSLA,59.92,61.02,58.9,59.82,59.82,1471247813
2020-08-14,TSLA,58.95,59.14,58.95,59.07,59.07,895126519
2020-08-17,TSLA,60.36,60.49,59.73,59.82,59.82,825479041
2020-08-18,TSLA,58.37,59.16,56.9,58.05,58.05,1277150401
2020-08-19,TSLA,58.87,59.68,58.87,59.12,59.12,638693092
2020-08-20,TSLA,59.2,59.64,58.8,58.8,58.8,2050011810
2020-08-21,TSLA,58.2,58.28,58.2,58.28,58.28,498528554
2020-08-24,TSLA,59.74,60.35,58.41,59.35,59.35,1186362143
2020-08-25,TSLA,60.43,60.43,58.92,60.04,60.04,1890863997
2020-08-26,TSLA,59.16,59.9,58.84,59.53,59.53,350062653
2020-08-27,TSLA,61.56,61.56,61.31,61.31,61.31,650986130
2020-08-28,TSLA,59.46,60.26,58.64,59.71,59.71,1587338316
2020-08-31,TSLA,60.42,61.11,60.42,60.66,60.66,1601724548
2020-09-01,TSLA,61.35,62.02,60.76,61.6,61.6,721687400
2020-09-02,TSLA,61.43,61.43,61.01,61.16,61.16,514752800
2020-09-03,TSLA,61.35,61.7,61.35,61.69,61.69,1419487167
2020-09-04,TSLA,59.22,60.4,59.22,59.82,59.82,1627204683
2020-09-07,TSLA,61.51,61.67,60.65,61.24,61.24,397697407
2020-09-08,TSLA,60.59,62.45,60.59,60.99,60.99,388440984
2020-09-09,TSLA,59.75,60.95,59.28,60.23,60.23,915658474
2020-09-10,TSLA,61.53,62.87,61.53,61.86,61.86,1166899863
2020-09-11,TSLA,60.66,61.22,60.66,60.81,60.81,668507750
2020-09-14,TSLA,58.7,58.73,57.86,58.73,58.73,1202389052
2020-09-15,TSLA,56.0,56.52,56.0,56.52,56.52,522386365
2020-09-16,TSLA,57.95,58.27,57.41,57.41,57.41,224903918
2020-09-17,TSLA,55.87,56.02,54.76,55.63,55.63,620266235
2020-09-18,TSLA,57.95,58.15,57.95,58.15,58.15,830832931
2020-09-21,TSLA,55.03,55.23,54.46,55.23,55.23,677890293
2020-09-22,TSLA,57.59,58.56,57.59,57.65,57.65,399146087
2020-09-23,TSLA,58.13,58.13,57.98,57.98,57.98,269104574
2020-09-24,TSLA,57.46,58.27,57.12,57.87,57.87,587593956
2020-09-25,TSLA,56.76,57.35,56.76,57.12,57.12,1370708317
2020-09-28,TSLA,58.13,58.13,57.72,57.72,57.72,1699701464
2020-09-29,TSLA,57.41,57.86,57.41,57.69,57.69,1631275450
2020-09-30,TSLA,59.19,59.33,59.02,59.33,59.33,490263852
2020-10-01,TSLA,59.97,59.97,59.53,59.53,59.53,400320568
2020-10-02,TSLA,59.98,60.4,59.58,59.79,59.79,1077576924
2020-10-05,TSLA,59.09,59.52,58.77,59.27,59.27,1170925158
2020-10-06,TSLA,59.44,59.94,59.14,59.22,59.22,1016978449
2020-10-07,TSLA,59.13,60.36,59.13,59.7,59.7,238901534
2020-10-08,TSLA,57.5,57.5,57.03,57.23,57.23,475496105
2020-10-09,TSLA,55.35,55.87,55.15,55.36,55.36,785779460
2020-10-12,TSLA,56.78,56.78,56.43,56.43,56.43,1071505940
2020-10-13,TSLA,57.21,57.71,56.7,56.7,56.7,1267591420
2020-10-14,TSLA,56.95,56.95,56.17,56.47,56.47,872219886
2020-10-15,TSLA,56.98,56.98,55.99,56.52,56.52,975509331
2020-10-16,TSLA,57.05,57.27,56.97,57.04,57.04,841687425
2020-10-19,TSLA,56.15,56.3,56.14,56.3,56.3,1206961190
2020-10-20,TSLA,55.21,55.25,54.58,55.25,55.25,965077909
2020-10-21,TSLA,55.75,56.24,55.54,55.54,55.54,832082869
2020-10-22,TSLA,54.64,54.8,54.06,54.23,54.23,680935891
2020-10-23,TSLA,54.49,54.82,54.44,54.81,54.81,839884428
2020-10-26,TSLA,52.99,52.99,51.9,52.55,52.55,1069818481
2020-10-27,TSLA,54.29,54.29,53.49,53.95,53.95,939149497
2020-10-28,TSLA,55.14,55.14,54.62,54.62,54.62,1005243714
2020-10-29,TSLA,55.41,55.41,54.61,54.99,54.99,1790271492
2020-10-30,TSLA,56.14,57.18,55.4,56.39,56.39,937847912
2020-11-02,TSLA,58.35,58.81,58.35,58.81,58.81,541904794
2020-11-03,TSLA,59.89,60.35,59.65,60.35,60.35,1359202641
2020-11-04,TSLA,57.43,57.67,56.43,57.67,57.67,352401249
2020-11-05,TSLA,56.01,56.05,55.36,55.88,55.88,418066877
2020-11-06,TSLA,55.38,55.63,54.71,55.04,55.04,978477508
2020-11-09,TSLA,55.54,55.54,55.1,55.1,55.1,1090430054
2020-11-10,TSLA,55.99,56.52,55.46,55.85,55.85,378970629
2020-11-11,TSLA,54.33,54.87,54.27,54.87,54.87,635745898
2020-11-12,TSLA,54.81,55.28,54.81,55.15,55.15,556039393
2020-11-13,TSLA,53.72,54.34,53.72,54.15,54.15,597338317
2020-11-16,TSLA,53.21,53.35,52.66,53.35,53.35,1409017747
2020-11-17,TSLA,51.54,51.54,50.86,51.54,51.54,1222181578
2020-11-18,TSLA,49.92,50.51,49.92,50.38,50.38,790777100
2020-11-19,TSLA,48.59,48.77,48.59,48.73,48.73,576463650
2020-11-20,TSLA,47.28,47.76,46.94,47.58,47.58,355917741
2020-11-23,TSLA,49.02,49.02,48.88,48.88,48.88,1875443427
2020-11-24,TSLA,47.72,47.92,47.06,47.75,47.75,1141111175
2020-11-25,TSLA,51.02,51.03,50.9,51.03,51.03,523474322
2020-11-26,TSLA,51.61,51.69,51.61,51.68,51.68,1231821368
2020-11-27,TSLA,52.42,52.7,51.54,51.95,51.95,766899121
2020-11-30,TSLA,50.58,50.92,50.58,50.87,50.87,673322046
2020-12-01,TSLA,51.81,52.08,51.32,51.79,51.79,1038586942
2020-12-02,TSLA,51.32,51.32,51.08,51.08,51.08,512648534
2020-12-03,TSLA,51.32,51.87,50.19,51.26,51.26,650821577
2020-12-04,TSLA,55.14,55.47,54.68,54.68,54.68,860373055
2020-12-07,TSLA,54.44,54.87,53.56,54.57,54.57,592777267
2020-12-08,TSLA,56.15,57.58,56.15,56.19,56.19,1195046729
2020-12-09,TSLA,54.78,55.24,54.78,55.24,55.24,2455116134
2020-12-10,TSLA,55.34,55.34,55.22,55.22,55.22,508726509
2020-12-11,TSLA,57.5,58.3,57.22,57.74,57.74,294539837
2020-12-14,TSLA,56.49,58.14,56.49,56.87,56.87,240674486
2020-12-15,TSLA,59.59,59.59,58.82,59.54,59.54,730850231
2020-12-16,TSLA,60.67,60.67,59.77,60.63,60.63,537318316
2020-12-17,TSLA,59.31,59.81,59.31,59.81,59.81,906150804
2020-12-18,TSLA,61.04,61.04,59.56,60.8,60.8,866141287
2020-12-21,TSLA,62.48,63.31,61.71,62.32,62.32,305686275
2020-12-22,TSLA,62.94,63.57,62.94,63.33,63.33,269228145
2020-12-23,TSLA,60.88,60.93,60.88,60.92,60.92,955322888
2020-12-24,TSLA,60.12,60.12,59.17,59.85,59.85,867613850
2020-12-25,TSLA,59.55,59.55,59.51,59.51,59.51,619553243
2020-12-28,TSLA,59.31,59.43,59.31,59.43,59.43,295953779
2020-12-29,TSLA,60.18,60.8,59.63,60.39,60.39,1061378909
2020-12-30,TSLA,60.82,61.71,60.69,60.69,60.69,1715790470
2020-12-31,TSLA,59.24,59.49,58.72,58.72,58.72,945088814
2021-01-01,TSLA,59.52,59.52,59.31,59.31,59.31,481066304
2021-01-04,TSLA,59.74,61.22,59.56,60.26,60.26,821572955
2021-01-05,TSLA,61.09,61.67,61.09,61.13,61.13,352419065
2021-01-06,TSLA,63.33,63.43,61.88,62.84,62.84,1509095691
2021-01-07,TSLA,63.67,64.23,63.03,64.19,64.19,840163102
2021-01-08,TSLA,65.6,65.6,63.89,64.97,64.97,276883072
2021-01-11,TSLA,65.47,65.47,64.89,64.89,64.89,667864177
2021-01-12,TSLA,61.75,62.28,61.75,62.28,62.28,1056239616
2021-01-13,TSLA,63.53,63.53,62.98,62.98,62.98,655016790
2021-01-14,TSLA,63.17,63.34,62.85,63.34,63.34,677867613
2021-01-15,TSLA,64.24,64.24,63.14,63.8,63.8,383695058
2021-01-18,TSLA,61.73,62.39,60.88,61.83,61.83,1123735895
2021-01-19,TSLA,60.14,60.21,59.73,60.21,60.21,542076926
2021-01-20,TSLA,62.01,62.01,61.08,61.84,61.84,219339819
2021-01-21,TSLA,62.15,62.83,61.68,61.81,61.81,640170802
2021-01-22,TSLA,62.32,64.13,62.32,62.91,62.91,1441124904
2021-01-25,TSLA,63.1,63.8,61.95,62.98,62.98,634179333
2021-01-26,TSLA,62.66,64.53,62.02,63.06,63.06,2269421955
2021-01-27,TSLA,64.39,65.24,63.44,64.59,64.59,1034703520
2021-01-28,TSLA,63.6,64.81,63.6,63.79,63.79,980187950
2021-01-29,TSLA,63.94,63.97,63.94,63.97,63.97,740592456
2021-02-01,TSLA,63.06,63.27,63.06,63.27,63.27,767791120
2021-02-02,TSLA,62.13,62.62,62.13,62.62,62.62,682959295
2021-02-03,TSLA,61.73,62.17,61.73,62.17,62.17,667225324
2021-02-04,TSLA,61.96,62.56,61.96,62.54,62.54,1099938710
2021-02-05,TSLA,61.79,62.21,60.26,61.83,61.83,456227096
2021-02-08,TSLA,64.41,65.17,63.83,63.83,63.83,419453697
2021-02-09,TSLA,61.97,62.9,61.97,62.45,62.45,407716635
2021-02-10,TSLA,62.74,62.74,61.42,62.19,62.19,2729523062
2021-02-11,TSLA,61.83,62.29,61.47,61.54,61.54,1099592772
2021-02-12,TSLA,64.01,64.47,63.7,63.84,63.84,960241449
2021-02-15,TSLA,64.37,64.37,64.18,64.18,64.18,424104819
2021-02-16,TSLA,66.32,66.92,65.89,65.89,65.89,1162693787
2021-02-17,TSLA,63.02,63.65,62.95,63.52,63.52,745866503
2021-02-18,TSLA,63.98,64.02,63.46,63.98,63.98,909587142
2021-02-19,TSLA,65.71,66.76,64.19,65.45,65.45,445197165
2021-02-22,TSLA,65.73,65.81,64.24,65.62,65.62,880641620
2021-02-23,TSLA,67.87,67.87,66.65,67.42,67.42,620291369
2021-02-24,TSLA,66.02,67.78,65.61,66.59,66.59,505285061
2021-02-25,TSLA,69.27,70.16,69.01,69.01,69.01,1242590066
2021-02-26,TSLA,73.17,73.17,73.12,73.12,73.12,317940658
2021-03-01,TSLA,72.32,72.5,71.35,72.5,72.5,1122546675
2021-03-02,TSLA,71.5,71.73,71.5,71.73,71.73,1206140802
2021-03-03,TSLA,74.6,74.73,73.47,74.42,74.42,471869864
2021-03-04,TSLA,78.06,78.06,76.49,77.46,77.46,488965710
2021-03-05,TSLA,76.48,76.49,75.57,76.49,76.49,699715646
2021-03-08,TSLA,76.22,77.32,74.82,75.73,75.73,947390315
2021-03-09,TSLA,75.08,75.63,74.67,75.23,75.23,729804322
2021-03-10,TSLA,72.2,72.78,72.2,72.78,72.78,1037559830
2021-03-11,TSLA,70.54,71.65,70.54,71.16,71.16,2303712505
2021-03-12,TSLA,68.81,69.92,68.81,69.43,69.43,589844758
2021-03-15,TSLA,67.98,68.15,66.83,68.15,68.15,285825492
2021-03-16,TSLA,67.9,68.16,67.38,68.12,68.12,1312965491
2021-03-17,TSLA,68.85,69.57,67.6,68.55,68.55,2196187513
2021-03-18,TSLA,71.64,71.64,70.9,71.3,71.3,1012472319
2021-03-19,TSLA,68.95,69.86,68.46,69.57,69.57,416480747
2021-03-22,TSLA,70.94,71.76,70.94,71.34,71.34,742597387
2021-03-23,TSLA,70.68,71.0,70.52,71.0,71.0,408861043
2021-03-24,TSLA,71.01,71.12,70.86,70.94,70.94,1176386508
2021-03-25,TSLA,71.67,72.73,71.67,72.19,72.19,355567534
2021-03-26,TSLA,69.71,70.22,69.31,70.22,70.22,668082834
2021-03-29,TSLA,71.56,71.56,70.18,70.93,70.93,437854536
2021-03-30,TSLA,71.69,72.04,70.74,71.26,71.26,863146344
2021-03-31,TSLA,71.72,73.26,71.72,72.18,72.18,642061719
2021-04-01,TSLA,72.6,73.85,71.2,72.74,72.74,889399667
2021-04-02,TSLA,77.16,78.29,76.4,77.38,77.38,810701380
2021-04-05,TSLA,76.64,76.64,76.19,76.19,76.19,442523701
2021-04-06,TSLA,75.24,77.09,73.91,75.23,75.23,1165162312
2021-04-07,TSLA,73.55,74.1,73.55,74.1,74.1,776836614
2021-04-08,TSLA,73.46,74.45,73.11,73.11,73.11,442027473
2021-04-09,TSLA,71.84,73.08,71.42,71.99,71.99,3068810713
2021-04-12,TSLA,73.85,74.76,73.31,74.2,74.2,1064592676
2021-04-13,TSLA,76.73,78.44,75.74,76.92,76.92,729626755
2021-04-14,TSLA,75.86,76.11,75.81,75.87,75.87,1869847504
2021-04-15,TSLA,74.11,74.34,74.11,74.34,74.34,2415300062
2021-04-16,TSLA,74.87,75.26,74.87,75.26,75.26,733098292
2021-04-19,TSLA,74.11,74.96,74.11,74.26,74.26,985282038
2021-04-20,TSLA,74.76,75.48,74.76,75.48,75.48,442167049
2021-04-21,TSLA,76.32,76.32,74.88,75.91,75.91,732287935
2021-04-22,TSLA,72.64,74.64,71.94,73.12,73.12,709848743
2021-04-23,TSLA,75.35,76.04,75.35,76.04,76.04,893713864
2021-04-26,TSLA,79.82,80.6,78.65,79.57,79.57,976666975
2021-04-27,TSLA,78.83,79.61,77.25,78.4,78.4,1119219125
2021-04-28,TSLA,78.17,79.03,77.13,77.68,77.68,922488616
2021-04-29,TSLA,78.27,79.77,77.93,78.28,78.28,386852648
2021-04-30,TSLA,78.51,79.86,78.51,78.97,78.97,455506131
2021-05-03,TSLA,80.7,82.01,79.8,80.32,80.32,576309515
2021-05-04,TSLA,84.84,85.97,82.88,84.5,84.5,675291930
2021-05-05,TSLA,83.74,84.17,83.74,84.17,84.17,1502602699
2021-05-06,TSLA,83.21,83.21,81.54,82.55,82.55,398109084
2021-05-07,TSLA,79.16,80.83,79.16,79.79,79.79,645509813
2021-05-10,TSLA,79.14,79.14,77.6,78.38,78.38,1416997026
2021-05-11,TSLA,78.92,79.05,77.0,78.36,78.36,668183580
2021-05-12,TSLA,82.3,82.91,81.92,81.99,81.99,1054412303
2021-05-13,TSLA,81.69,81.69,79.94,80.98,80.98,735657175
2021-05-14,TSLA,81.83,82.06,80.98,81.47,81.47,933143875
2021-05-17,TSLA,80.97,82.39,80.97,81.48,81.48,697432626
2021-05-18,TSLA,83.88,84.94,83.88,83.97,83.97,1193599398
2021-05-19,TSLA,88.73,89.49,88.73,89.49,89.49,316541893
2021-05-20,TSLA,88.16,88.36,87.01,88.36,88.36,643229921
2021-05-21,TSLA,87.75,87.75,86.76,87.33,87.33,955689479
2021-05-24,TSLA,89.47,91.26,89.18,89.68,89.68,1101806727
2021-05-25,TSLA,90.96,91.26,89.97,91.26,91.26,1959140265
2021-05-26,TSLA,95.81,96.17,95.62,95.62,95.62,632622983
2021-05-27,TSLA,97.8,97.8,97.08,97.08,97.08,1943369301
2021-05-28,TSLA,95.39,96.26,95.17,96.26,96.26,538654921
2021-05-31,TSLA,97.51,99.11,97.3,97.74,97.74,1775215830
2021-06-01,TSLA,99.84,102.25,98.89,100.53,100.53,1306320542
2021-06-02,TSLA,103.07,103.07,102.66,102.66,102.66,462392590
2021-06-03,TSLA,103.21,104.21,102.22,104.03,104.03,961710033
2021-06-04,TSLA,107.24,107.24,106.89,106.89,106.89,775686109
2021-06-07,TSLA,109.64,110.48,109.64,110.11,110.11,1164259100
2021-06-08,TSLA,113.35,115.21,113.35,114.04,114.04,699612415
2021-06-09,TSLA,116.97,116.97,115.7,115.96,115.96,665235894
2021-06-10,TSLA,114.42,115.53,114.42,115.53,115.53,1818825408
2021-06-11,TSLA,115.87,116.02,115.86,116.02,116.02,753897868
2021-06-14,TSLA,118.48,121.2,118.09,119.63,119.63,1313358448
2021-06-15,TSLA,117.23,119.11,116.23,117.27,117.27,698739886
2021-06-16,TSLA,118.41,118.41,118.41,118.41,118.41,2174355108
2021-06-17,TSLA,116.89,118.63,116.89,117.31,117.31,532449823
2021-06-18,TSLA,116.58,117.45,116.58,117.45,117.45,553356978
2021-06-21,TSLA,121.02,121.53,121.02,121.32,121.32,1996597479
2021-06-22,TSLA,122.38,123.07,121.96,121.96,121.96,612483257
2021-06-23,TSLA,122.85,124.43,122.16,122.16,122.16,2090448730
2021-06-24,TSLA,118.21,120.27,116.44,118.14,118.14,1365934091
2021-06-25,TSLA,120.64,121.53,119.86,120.42,120.42,729018871
2021-06-28,TSLA,121.71,122.44,121.71,122.44,122.44,269485169
2021-06-29,TSLA,128.76,131.7,128.76,129.31,129.31,790684052
2021-06-30,TSLA,127.51,128.38,127.51,128.38,128.38,850196478
2021-07-01,TSLA,128.5,130.62,127.63,129.15,129.15,1611337860
2021-07-02,TSLA,129.3,130.08,129.3,130.02,130.02,2074670754
2021-07-05,TSLA,135.37,136.51,135.31,135.31,135.31,530328769
2021-07-06,TSLA,135.23,135.23,132.41,135.06,135.06,1293618359
2021-07-07,TSLA,137.28,137.28,135.27,136.07,136.07,1266143234
2021-07-08,TSLA,137.38,140.39,136.09,138.22,138.22,1523151866
2021-07-09,TSLA,139.33,139.33,136.9,138.93,138.93,1078906588
2021-07-12,TSLA,138.33,138.33,134.8,137.46,137.46,249383239
2021-07-13,TSLA,138.36,138.36,137.22,138.2,138.2,728680950
2021-07-14,TSLA,141.33,142.02,141.33,142.02,142.02,399840171
2021-07-15,TSLA,137.84,138.49,137.84,138.49,138.49,708341256
2021-07-16,TSLA,137.74,139.02,137.74,139.02,139.02,1440134777
2021-07-19,TSLA,136.15,138.41,136.15,136.68,136.68,960620993
2021-07-20,TSLA,141.58,141.58,138.83,140.89,140.89,1592951656
2021-07-21,TSLA,134.46,137.61,133.31,135.69,135.69,981951378
2021-07-22,TSLA,133.12,134.51,133.12,133.88,133.88,367048458
2021-07-23,TSLA,135.77,135.77,133.07,135.21,135.21,176263712
2021-07-26,TSLA,141.47,141.47,140.67,140.67,140.67,874607049
2021-07-27,TSLA,140.39,141.28,140.32,140.51,140.51,703546211
2021-07-28,TSLA,139.19,139.74,138.28,138.64,138.64,445110247
2021-07-29,TSLA,145.06,145.39,145.06,145.39,145.39,288332143
2021-07-30,TSLA,139.33,140.45,138.52,140.29,140.29,514730526
2021-08-02,TSLA,132.58,134.59,131.25,132.85,132.85,711798276
2021-08-03,TSLA,134.6,136.33,134.39,134.39,134.39,1192749155
2021-08-04,TSLA,133.96,134.86,131.92,132.77,132.77,895756032
2021-08-05,TSLA,128.37,129.49,128.37,129.49,129.49,2099238188
2021-08-06,TSLA,131.89,133.25,129.83,131.87,131.87,429717067
2021-08-09,TSLA,132.28,133.01,132.0,132.74,132.74,1357126366
2021-08-10,TSLA,130.97,131.23,130.94,130.94,130.94,822927980
2021-08-11,TSLA,125.67,126.88,125.67,126.88,126.88,1213532633
2021-08-12,TSLA,129.26,130.19,127.89,129.74,129.74,615589610
2021-08-13,TSLA,132.78,132.78,131.32,131.93,131.93,1521569529
2021-08-16,TSLA,131.81,131.81,131.67,131.67,131.67,954916877
2021-08-17,TSLA,137.82,140.87,135.76,137.96,137.96,532095216
2021-08-18,TSLA,133.81,134.38,133.81,134.38,134.38,794152115
2021-08-19,TSLA,128.89,129.42,128.89,129.42,129.42,692810093
2021-08-20,TSLA,126.96,127.26,126.96,127.26,127.26,1072766872
2021-08-23,TSLA,128.03,129.32,127.18,127.18,127.18,394107372
2021-08-24,TSLA,129.21,129.21,126.45,128.01,128.01,785938402
2021-08-25,TSLA,127.15,127.31,127.15,127.31,127.31,1014015828
2021-08-26,TSLA,128.22,130.46,128.22,128.49,128.49,815909487
2021-08-27,TSLA,125.46,126.64,124.32,124.6,124.6,1794809538
2021-08-30,TSLA,129.05,129.24,129.05,129.24,129.24,1272709162
2021-08-31,TSLA,129.17,130.17,128.78,129.04,129.04,796319879
2021-09-01,TSLA,132.04,133.93,131.24,132.76,132.76,910963563
2021-09-02,TSLA,134.62,134.81,133.41,133.97,133.97,955169463
2021-09-03,TSLA,135.66,135.66,135.57,135.57,135.57,1018890128
2021-09-06,TSLA,138.43,139.73,136.79,137.58,137.58,267493333
2021-09-07,TSLA,139.98,140.16,139.2,139.2,139.2,667522878
2021-09-08,TSLA,140.72,141.52,140.72,141.52,141.52,328266573
2021-09-09,TSLA,147.01,147.01,144.86,146.37,146.37,1722372552
2021-09-10,TSLA,148.05,148.05,144.8,147.17,147.17,771224668
2021-09-13,TSLA,149.41,149.87,148.8,149.87,149.87,712289815
2021-09-14,TSLA,148.63,150.91,147.99,149.61,149.61,1370002496
2021-09-15,TSLA,153.63,155.17,153.63,155.17,155.17,1030587513
2021-09-16,TSLA,152.49,152.64,151.82,152.64,152.64,406388148
2021-09-17,TSLA,159.28,160.75,158.02,159.75,159.75,766585489
2021-09-20,TSLA,159.84,159.84,159.67,159.67,159.67,654184392
2021-09-21,TSLA,153.17,156.46,151.93,154.13,154.13,280835674
2021-09-22,TSLA,155.81,155.81,153.24,154.7,154.7,528648474
2021-09-23,TSLA,151.43,152.16,150.09,152.16,152.16,716490686
2021-09-24,TSLA,154.62,155.47,153.69,155.47,155.47,746592023
2021-09-27,TSLA,152.97,153.69,152.46,153.03,153.03,328701678
2021-09-28,TSLA,151.4,151.41,151.4,151.41,151.41,1596371933
2021-09-29,TSLA,143.67,146.41,143.52,144.49,144.49,752369535
2021-09-30,TSLA,142.28,145.05,142.28,142.94,142.94,818130032
2021-10-01,TSLA,133.71,134.6,133.71,134.6,134.6,1017266518
2021-10-04,TSLA,130.0,130.61,127.38,129.43,129.43,498519990
2021-10-05,TSLA,132.7,133.74,130.94,131.98,131.98,1051847084
2021-10-06,TSLA,134.57,136.79,134.57,134.67,134.67,641779415
2021-10-07,TSLA,136.76,136.76,136.17,136.17,136.17,467097547
2021-10-08,TSLA,133.61,133.61,132.99,132.99,132.99,1128402210
2021-10-11,TSLA,131.93,132.89,131.93,132.89,132.89,1957637674
2021-10-12,TSLA,134.18,134.18,130.94,132.95,132.95,1235692803
2021-10-13,TSLA,130.04,131.04,128.95,129.21,129.21,1391692597
2021-10-14,TSLA,133.43,134.23,133.41,134.23,134.23,585292122
2021-10-15,TSLA,136.41,137.47,136.41,137.27,137.27,306714578
2021-10-18,TSLA,135.56,139.22,135.26,136.58,136.58,1955833951
2021-10-19,TSLA,135.75,138.62,134.78,136.74,136.74,2744072406
2021-10-20,TSLA,138.2,140.1,136.21,137.52,137.52,2018628312
2021-10-21,TSLA,130.66,131.83,130.66,130.74,130.74,653941487
2021-10-22,TSLA,130.74,130.74,129.6,130.0,130.0,400097728
2021-10-25,TSLA,128.49,128.55,126.42,127.86,127.86,422031444
2021-10-26,TSLA,125.02,126.21,122.19,124.76,124.76,291269775
2021-10-27,TSLA,124.41,124.41,121.91,123.95,123.95,749991798
2021-10-28,TSLA,128.46,129.91,128.46,129.71,129.71,2096230932
2021-10-29,TSLA,131.37,133.64,131.37,131.87,131.87,734721754
2021-11-01,TSLA,130.42,130.42,129.27,130.06,130.06,958992430
2021-11-02,TSLA,130.71,133.3,130.71,132.0,132.0,1825935286
2021-11-03,TSLA,135.49,138.57,135.49,136.77,136.77,627681112
2021-11-04,TSLA,141.02,142.64,138.05,140.04,140.04,2712994583
2021-11-05,TSLA,140.83,140.83,138.48,140.31,140.31,2643201330
2021-11-08,TSLA,137.48,139.4,136.63,138.13,138.13,739387868
2021-11-09,TSLA,141.16,142.68,139.73,140.63,140.63,565646250
2021-11-10,TSLA,142.92,142.92,139.88,142.09,142.09,1215404557
2021-11-11,TSLA,144.81,146.39,144.81,145.38,145.38,649351697
2021-11-12,TSLA,146.4,149.66,146.4,147.78,147.78,399636870
2021-11-15,TSLA,153.09,153.09,151.78,151.78,151.78,1725431829
2021-11-16,TSLA,149.37,151.12,149.37,149.83,149.83,1659643126
2021-11-17,TSLA,153.71,156.35,151.95,154.93,154.93,878131543
2021-11-18,TSLA,155.74,155.77,154.03,155.77,155.77,374941715
2021-11-19,TSLA,165.03,166.75,164.14,164.14,164.14,382517227
2021-11-22,TSLA,160.52,163.41,160.52,161.42,161.42,853057551
2021-11-23,TSLA,167.88,170.56,167.88,168.66,168.66,592627963
2021-11-24,TSLA,168.71,171.69,166.76,169.58,169.58,651862521
2021-11-25,TSLA,168.56,168.66,166.59,166.92,166.92,1476850908
2021-11-26,TSLA,164.0,167.79,162.28,165.0,165.0,1241899116
2021-11-29,TSLA,164.01,165.39,163.0,163.76,163.76,1828726405
2021-11-30,TSLA,166.99,168.39,165.59,165.59,165.59,441472401
2021-12-01,TSLA,166.66,169.79,166.66,167.85,167.85,651042224
2021-12-02,TSLA,167.1,167.1,165.38,165.54,165.54,1261275083
2021-12-03,TSLA,167.0,167.14,165.16,165.52,165.52,1046635954
2021-12-06,TSLA,176.05,176.05,174.71,174.71,174.71,2006039524
2021-12-07,TSLA,181.47,182.51,181.47,182.51,182.51,1029482435
2021-12-08,TSLA,185.09,185.09,180.52,184.6,184.6,2424437710
2021-12-09,TSLA,185.83,188.76,184.37,184.86,184.86,1105994404
2021-12-10,TSLA,187.31,188.16,183.73,185.51,185.51,1512909520
2021-12-13,TSLA,187.27,190.1,187.27,188.47,188.47,658773961
2021-12-14,TSLA,184.78,185.35,182.38,183.8,183.8,806788675
2021-12-15,TSLA,182.12,183.21,181.81,182.71,182.71,1381680905
2021-12-16,TSLA,174.19,178.56,174.15,175.33,175.33,2105432828
2021-12-17,TSLA,176.9,177.32,175.19,177.18,177.18,1238964973
2021-12-20,TSLA,181.21,181.47,179.15,180.15,180.15,760964249
2021-12-21,TSLA,177.95,178.08,177.95,178.08,178.08,1827840436
2021-12-22,TSLA,185.45,188.23,185.02,185.32,185.32,214712999
2021-12-23,TSLA,181.59,182.4,178.82,179.81,179.81,340749887
2021-12-24,TSLA,173.08,173.43,173.08,173.43,173.43,1204078684
2021-12-27,TSLA,174.9,174.9,174.49,174.49,174.49,806702100
2021-12-28,TSLA,178.72,182.15,176.92,179.21,179.21,1150322518
2021-12-29,TSLA,186.6,187.0,183.02,187.0,187.0,831419063
2021-12-30,TSLA,185.69,186.73,184.96,184.96,184.96,1126709659
2021-12-31,TSLA,191.77,194.66,190.11,190.11,190.11,490707265
2022-01-03,TSLA,190.18,190.18,190.02,190.02,190.02,1126398995
2022-01-04,TSLA,190.31,190.31,189.03,189.29,189.29,1452640420
2022-01-05,TSLA,192.03,195.07,192.03,193.62,193.62,1663734085
2022-01-06,TSLA,195.76,198.79,195.75,196.9,196.9,2677455062
2022-01-07,TSLA,189.39,189.95,186.57,189.38,189.38,926068779
2022-01-10,TSLA,194.71,199.36,194.71,196.6,196.6,942782957
2022-01-11,TSLA,202.59,203.6,201.98,203.6,203.6,320725611
2022-01-12,TSLA,200.61,201.39,200.54,200.54,200.54,581518392
2022-01-13,TSLA,200.66,204.18,200.66,202.63,202.63,712400460
2022-01-14,TSLA,204.28,207.5,204.28,205.25,205.25,1502192780
2022-01-17,TSLA,206.75,206.75,203.36,206.69,206.69,554401286
2022-01-18,TSLA,204.26,207.13,203.96,203.96,203.96,1289865790
2022-01-19,TSLA,202.37,202.37,196.8,200.67,200.67,799124227
2022-01-20,TSLA,201.22,201.22,199.21,200.64,200.64,719235306
2022-01-21,TSLA,206.35,206.71,206.35,206.71,206.71,928737208
2022-01-24,TSLA,211.44,212.46,209.64,209.64,209.64,632572993
2022-01-25,TSLA,208.99,208.99,207.8,207.8,207.8,618357700
2022-01-26,TSLA,210.68,211.96,210.05,211.96,211.96,287613595
2022-01-27,TSLA,196.02,197.99,195.25,197.48,197.48,689327798
2022-01-28,TSLA,204.05,206.08,201.95,203.34,203.34,599747392
2022-01-31,TSLA,195.01,197.57,194.16,194.78,194.78,586927233
2022-02-01,TSLA,194.23,196.02,193.11,193.11,193.11,1027221927
2022-02-02,TSLA,188.77,188.77,187.87,187.87,187.87,1187574907
2022-02-03,TSLA,182.44,182.74,181.98,181.98,181.98,919478024
2022-02-04,TSLA,189.25,189.25,184.35,187.43,187.43,1453512843
2022-02-07,TSLA,185.47,187.49,185.34,185.34,185.34,1129834677
2022-02-08,TSLA,185.6,190.3,183.47,187.04,187.04,670119281
2022-02-09,TSLA,188.14,188.14,186.92,186.92,186.92,605936788
2022-02-10,TSLA,188.31,190.68,187.62,189.25,189.25,965052770
2022-02-11,TSLA,190.76,190.76,188.53,189.71,189.71,1128618624
2022-02-14,TSLA,185.49,185.49,183.53,183.81,183.81,1850472010
2022-02-15,TSLA,189.28,189.28,188.54,188.54,188.54,1634665162
2022-02-16,TSLA,186.67,186.67,183.63,186.31,186.31,578018363
2022-02-17,TSLA,179.15,179.67,177.96,179.29,179.29,752413224
2022-02-18,TSLA,176.99,178.63,176.99,177.47,177.47,1196433258
2022-02-21,TSLA,183.8,184.34,183.02,184.34,184.34,1518211245
2022-02-22,TSLA,188.91,189.95,185.89,188.39,188.39,1405110355
2022-02-23,TSLA,187.79,187.79,185.98,186.85,186.85,769824635
2022-02-24,TSLA,185.98,185.98,184.19,185.32,185.32,376936165
2022-02-25,TSLA,182.81,185.79,182.81,183.92,183.92,439275867
2022-02-28,TSLA,193.79,193.82,193.79,193.82,193.82,942060549
2022-03-01,TSLA,196.92,196.92,195.5,195.77,195.77,982229305
2022-03-02,TSLA,197.89,200.07,197.89,197.99,197.99,413758230
2022-03-03,TSLA,203.4,203.4,200.62,203.25,203.25,821581555
2022-03-04,TSLA,205.68,205.68,199.98,204.57,204.57,1168205460
2022-03-07,TSLA,204.0,204.2,201.27,203.35,203.35,400916608
2022-03-08,TSLA,202.08,206.38,201.01,202.45,202.45,1552291900
2022-03-09,TSLA,203.78,203.78,199.18,202.19,202.19,637765558
2022-03-10,TSLA,200.73,204.04,200.73,202.1,202.1,1701145811
2022-03-11,TSLA,207.95,207.95,205.91,205.91,205.91,580806685
2022-03-14,TSLA,204.7,206.27,204.13,206.27,206.27,432038261
2022-03-15,TSLA,208.15,211.74,208.15,210.19,210.19,607654976
2022-03-16,TSLA,211.51,212.14,209.87,209.87,209.87,755515704
2022-03-17,TSLA,209.31,210.38,209.31,210.38,210.38,633589645
2022-03-18,TSLA,201.15,201.15,200.23,200.23,200.23,702670860
2022-03-21,TSLA,206.24,206.24,202.5,204.97,204.97,977373167
2022-03-22,TSLA,208.34,208.34,206.85,206.85,206.85,721824345
2022-03-23,TSLA,214.27,215.34,211.09,212.18,212.18,768793194
2022-03-24,TSLA,196.65,197.46,196.65,197.46,197.46,286848328
2022-03-25,TSLA,209.02,210.13,204.36,208.14,208.14,1011822310
2022-03-28,TSLA,205.92,207.52,205.08,207.52,207.52,758215361
2022-03-29,TSLA,213.06,216.6,212.67,213.45,213.45,2102043467
2022-03-30,TSLA,209.52,209.52,205.64,208.08,208.08,455206126
2022-03-31,TSLA,210.83,212.03,207.65,211.39,211.39,270294537
2022-04-01,TSLA,206.37,207.88,206.0,206.0,206.0,1159020508
2022-04-04,TSLA,202.92,204.43,199.68,202.91,202.91,984767579
2022-04-05,TSLA,213.58,213.58,212.51,212.96,212.96,436779997
2022-04-06,TSLA,214.05,214.05,211.05,212.05,212.05,319462555
2022-04-07,TSLA,211.41,213.37,211.41,213.31,213.31,2012086415
2022-04-08,TSLA,218.43,218.43,217.61,218.11,218.11,1868620386
2022-04-11,TSLA,222.54,222.54,216.68,220.93,220.93,179830616
2022-04-12,TSLA,221.79,222.3,220.87,221.87,221.87,607623608
2022-04-13,TSLA,222.13,224.02,222.13,224.02,224.02,2171133531
2022-04-14,TSLA,238.29,238.29,238.0,238.0,238.0,601154460
2022-04-15,TSLA,236.98,239.14,236.01,237.78,237.78,595929339
2022-04-18,TSLA,237.44,243.09,237.44,239.09,239.09,675081784
2022-04-19,TSLA,247.29,247.61,245.58,245.58,245.58,408279201
2022-04-20,TSLA,252.69,252.69,249.62,252.58,252.58,287615349
2022-04-21,TSLA,262.57,262.57,259.63,260.32,260.32,1504202036
2022-04-22,TSLA,266.25,268.74,262.0,264.64,264.64,264734463
2022-04-25,TSLA,258.3,258.3,251.77,257.31,257.31,927833513
2022-04-26,TSLA,265.51,268.16,265.51,268.16,268.16,1361629111
2022-04-27,TSLA,260.34,262.75,257.88,260.71,260.71,334873772
2022-04-28,TSLA,261.23,264.2,261.23,262.82,262.82,459403266
2022-04-29,TSLA,260.16,260.16,258.04,258.04,258.04,1656391889
2022-05-02,TSLA,256.07,257.75,255.05,257.75,257.75,1101275656
2022-05-03,TSLA,258.89,260.0,258.89,260.0,260.0,552314714
2022-05-04,TSLA,262.32,267.68,258.54,262.23,262.23,1645564629
2022-05-05,TSLA,263.88,265.29,261.86,265.14,265.14,1649802522
2022-05-06,TSLA,274.58,278.79,272.16,276.19,276.19,940038712
2022-05-09,TSLA,280.03,282.73,279.47,279.47,279.47,466096784
2022-05-10,TSLA,275.62,279.47,275.62,277.91,277.91,624168410
2022-05-11,TSLA,282.31,284.83,282.31,284.83,284.83,949866537
2022-05-12,TSLA,292.82,293.65,292.82,293.57,293.57,714321073
2022-05-13,TSLA,286.09,286.41,284.5,284.83,284.83,1405099993
2022-05-16,TSLA,289.58,293.15,289.26,289.26,289.26,319457739
2022-05-17,TSLA,294.06,300.37,294.06,294.52,294.52,326337239
2022-05-18,TSLA,292.86,292.86,292.48,292.48,292.48,891595102
2022-05-19,TSLA,302.04,302.86,302.04,302.86,302.86,595596124
2022-05-20,TSLA,304.51,306.13,297.19,301.87,301.87,549088852
2022-05-23,TSLA,300.27,307.23,300.27,302.97,302.97,276899717
2022-05-24,TSLA,302.85,306.17,297.74,301.81,301.81,809338258
2022-05-25,TSLA,304.44,304.44,300.58,302.07,302.07,774979344
2022-05-26,TSLA,295.84,295.84,292.05,294.05,294.05,1183908854
2022-05-27,TSLA,282.0,286.14,282.0,283.79,283.79,833666232
2022-05-30,TSLA,294.27,298.24,289.92,295.48,295.48,738725936
2022-05-31,TSLA,290.68,290.68,285.4,289.43,289.43,1620823810
2022-06-01,TSLA,280.13,282.48,280.13,282.48,282.48,363947293
2022-06-02,TSLA,269.47,269.47,267.8,267.8,267.8,1103589108
2022-06-03,TSLA,264.84,264.84,261.42,263.69,263.69,293477549
2022-06-06,TSLA,256.41,256.41,254.3,255.23,255.23,483703595
2022-06-07,TSLA,263.93,271.91,263.93,266.06,266.06,386408524
2022-06-08,TSLA,274.18,274.18,271.45,272.99,272.99,1278771286
2022-06-09,TSLA,269.43,272.54,266.61,268.47,268.47,769117152
2022-06-10,TSLA,286.04,286.04,283.28,284.16,284.16,793447595
2022-06-13,TSLA,288.69,293.1,288.36,291.36,291.36,411763703
2022-06-14,TSLA,286.39,294.87,286.39,289.15,289.15,668257343
2022-06-15,TSLA,271.07,271.76,267.64,271.76,271.76,505936040
2022-06-16,TSLA,285.9,287.92,285.9,287.92,287.92,1006830393
2022-06-17,TSLA,278.55,279.33,273.46,278.23,278.23,441348477
2022-06-20,TSLA,269.38,269.38,264.89,267.15,267.15,1776438970
2022-06-21,TSLA,273.6,276.57,273.6,274.2,274.2,292697944
2022-06-22,TSLA,293.59,297.44,288.39,291.58,291.58,493033706
2022-06-23,TSLA,298.98,302.0,297.06,302.0,302.0,2188145691
2022-06-24,TSLA,304.4,306.43,304.4,306.43,306.43,616098093
2022-06-27,TSLA,308.25,311.18,304.42,311.18,311.18,363421109
2022-06-28,TSLA,316.95,323.11,313.91,318.04,318.04,912266698
2022-06-29,TSLA,326.94,326.94,324.29,324.29,324.29,601396287
2022-06-30,TSLA,324.11,327.72,324.11,326.74,326.74,484427261
2022-07-01,TSLA,328.45,329.74,327.75,327.75,327.75,414456057
2022-07-04,TSLA,327.08,332.35,327.08,327.4,327.4,4211244991
2022-07-05,TSLA,324.26,324.26,321.04,321.44,321.44,687841409
2022-07-06,TSLA,316.94,321.63,314.75,319.35,319.35,251929434
2022-07-07,TSLA,304.5,306.26,304.5,306.26,306.26,1960030468
2022-07-08,TSLA,302.79,305.66,302.79,305.66,305.66,1154164500
2022-07-11,TSLA,297.95,302.59,297.95,298.35,298.35,505025833
2022-07-12,TSLA,289.08,293.61,288.3,290.37,290.37,456970112
2022-07-13,TSLA,293.98,293.98,289.2,291.82,291.82,1198196896
2022-07-14,TSLA,302.94,302.94,302.3,302.3,302.3,689756368
2022-07-15,TSLA,310.18,310.18,309.47,309.47,309.47,251867398
2022-07-18,TSLA,297.89,297.89,297.7,297.7,297.7,2337491023
2022-07-19,TSLA,288.2,290.57,285.65,290.57,290.57,616522713
2022-07-20,TSLA,297.3,297.63,291.99,297.63,297.63,1962221412
2022-07-21,TSLA,293.45,293.45,287.35,290.55,290.55,1722531718
2022-07-22,TSLA,291.0,291.88,289.06,289.06,289.06,438729791
2022-07-25,TSLA,295.52,295.52,288.76,293.21,293.21,1486832594
2022-07-26,TSLA,288.19,290.21,281.74,286.33,286.33,541110717
2022-07-27,TSLA,284.95,287.23,284.95,287.23,287.23,260986606
2022-07-28,TSLA,276.43,283.95,273.63,277.94,277.94,620006859
2022-07-29,TSLA,271.21,277.15,271.21,273.93,273.93,1015434565
2022-08-01,TSLA,275.18,280.62,274.75,276.26,276.26,605980285
2022-08-02,TSLA,263.53,270.05,263.53,265.61,265.61,665314883
2022-08-03,TSLA,268.53,272.95,268.53,268.68,268.68,1588632828
2022-08-04,TSLA,269.63,270.02,268.68,268.68,268.68,852681278
2022-08-05,TSLA,274.59,274.59,272.55,272.55,272.55,482273053
2022-08-08,TSLA,275.58,275.58,270.03,274.21,274.21,1218904320
2022-08-09,TSLA,286.35,287.36,278.22,283.86,283.86,900630237
2022-08-10,TSLA,282.35,288.13,282.35,284.89,284.89,176183587
2022-08-11,TSLA,279.24,284.28,279.24,281.99,281.99,1034321763
2022-08-12,TSLA,283.9,283.9,282.99,282.99,282.99,1011901655
2022-08-15,TSLA,285.79,287.0,285.79,287.0,287.0,809617666
2022-08-16,TSLA,286.07,291.91,286.07,287.49,287.49,1365819359
2022-08-17,TSLA,286.95,290.02,283.11,287.92,287.92,534351195
2022-08-18,TSLA,281.75,283.46,281.75,283.05,283.05,978860671
2022-08-19,TSLA,278.6,279.19,278.53,278.53,278.53,312409185
2022-08-22,TSLA,268.75,269.07,265.41,269.07,269.07,1021210198
2022-08-23,TSLA,281.3,285.06,280.48,281.23,281.23,2582014686
2022-08-24,TSLA,273.7,276.32,268.54,272.76,272.76,440352538
2022-08-25,TSLA,267.6,270.87,266.31,268.2,268.2,507049262
2022-08-26,TSLA,262.25,263.64,261.29,263.56,263.56,522424343
2022-08-29,TSLA,267.85,272.0,265.04,269.65,269.65,864791448
2022-08-30,TSLA,267.0,267.8,267.0,267.8,267.8,422702101
2022-08-31,TSLA,277.76,279.76,273.78,276.42,276.42,1029921504
2022-09-01,TSLA,273.33,273.33,271.54,271.94,271.94,1329546797
2022-09-02,TSLA,274.89,274.89,273.98,273.98,273.98,1102237815
2022-09-05,TSLA,267.02,271.7,262.2,268.44,268.44,276840128
2022-09-06,TSLA,283.87,288.34,283.37,283.37,283.37,1453296990
2022-09-07,TSLA,275.61,275.61,275.22,275.22,275.22,1403760366
2022-09-08,TSLA,277.4,280.28,275.29,277.49,277.49,1316308182
2022-09-09,TSLA,282.34,282.34,277.99,282.06,282.06,1000439608
2022-09-12,TSLA,285.09,286.43,285.09,285.13,285.13,912878715
2022-09-13,TSLA,284.32,284.32,283.95,283.95,283.95,1486118670
2022-09-14,TSLA,284.39,284.39,279.23,283.17,283.17,2536644781
2022-09-15,TSLA,281.41,284.74,279.0,283.62,283.62,451540542
2022-09-16,TSLA,284.13,284.13,278.95,282.72,282.72,1527464850
2022-09-19,TSLA,287.64,291.46,287.64,289.75,289.75,759575088
2022-09-20,TSLA,303.71,311.21,301.53,306.37,306.37,740026214
2022-09-21,TSLA,305.15,305.15,297.39,302.27,302.27,318165290
2022-09-22,TSLA,294.91,295.16,291.86,292.24,292.24,674260002
2022-09-23,TSLA,289.17,292.28,289.17,291.74,291.74,439716617
2022-09-26,TSLA,310.97,313.61,306.56,311.32,311.32,605574009
2022-09-27,TSLA,303.36,305.28,303.36,305.28,305.28,413880635
2022-09-28,TSLA,318.11,318.21,318.11,318.21,318.21,611028992
2022-09-29,TSLA,334.19,334.19,327.01,332.0,332.0,626922687
2022-09-30,TSLA,330.55,330.55,322.38,327.59,327.59,847713218
2022-10-03,TSLA,333.34,333.34,332.45,332.45,332.45,303578287
2022-10-04,TSLA,345.42,351.92,341.4,346.43,346.43,336022644
2022-10-05,TSLA,344.04,348.24,342.96,343.33,343.33,993901397
2022-10-06,TSLA,340.47,345.97,340.47,341.75,341.75,495727594
2022-10-07,TSLA,339.75,339.89,333.92,336.98,336.98,1524173105
2022-10-10,TSLA,331.14,331.14,324.85,328.7,328.7,915665639
2022-10-11,TSLA,323.95,323.95,323.5,323.57,323.57,1151184547
2022-10-12,TSLA,312.87,313.97,312.87,313.97,313.97,1864792068
2022-10-13,TSLA,313.09,314.39,313.09,314.39,314.39,664252902
2022-10-14,TSLA,305.67,309.82,305.67,308.55,308.55,566681500
2022-10-17,TSLA,312.47,313.77,306.05,310.51,310.51,1349529096
2022-10-18,TSLA,298.51,298.81,298.51,298.81,298.81,1085936014
2022-10-19,TSLA,300.38,301.44,298.65,301.44,301.44,714863243
2022-10-20,TSLA,307.76,311.91,307.05,307.93,307.93,1843394931
2022-10-21,TSLA,294.97,296.18,289.08,293.1,293.1,704256654
2022-10-24,TSLA,293.78,296.0,291.63,296.0,296.0,815787271
2022-10-25,TSLA,307.56,312.05,305.3,305.38,305.38,810152930
2022-10-26,TSLA,298.78,303.44,294.75,296.42,296.42,456565925
2022-10-27,TSLA,312.0,312.0,306.36,309.23,309.23,838018918
2022-10-28,TSLA,312.0,312.64,310.02,312.64,312.64,1849268710
2022-10-31,TSLA,305.59,309.08,305.59,307.33,307.33,1044684736
2022-11-01,TSLA,306.27,311.65,306.27,307.05,307.05,814950599
2022-11-02,TSLA,310.48,315.17,307.93,311.52,311.52,725912201
2022-11-03,TSLA,310.24,312.26,306.95,312.26,312.26,975558043
2022-11-04,TSLA,317.33,317.33,313.98,316.65,316.65,1254320686
2022-11-07,TSLA,309.45,310.88,309.45,309.6,309.6,1152896488
2022-11-08,TSLA,313.34,313.34,311.06,311.06,311.06,655481791
2022-11-09,TSLA,297.6,300.41,297.6,300.41,300.41,972002521
2022-11-10,TSLA,300.58,304.52,299.72,299.72,299.72,1066836799
2022-11-11,TSLA,294.71,296.72,291.19,293.17,293.17,437104566
2022-11-14,TSLA,289.46,293.25,287.96,287.96,287.96,884858519
2022-11-15,TSLA,299.44,305.03,295.47,297.15,297.15,218701352
2022-11-16,TSLA,306.91,309.51,299.65,305.51,305.51,1068498496
2022-11-17,TSLA,313.01,313.01,306.73,310.35,310.35,1188794770
2022-11-18,TSLA,301.13,306.29,301.13,302.14,302.14,1252650665
2022-11-21,TSLA,299.93,299.93,299.91,299.91,299.91,631098108
2022-11-22,TSLA,306.29,311.75,306.29,309.29,309.29,962869167
2022-11-23,TSLA,307.48,310.54,307.48,310.54,310.54,1879689249
2022-11-24,TSLA,327.53,332.43,327.39,329.24,329.24,1868238394
2022-11-25,TSLA,330.0,332.77,328.94,332.65,332.65,786022817
2022-11-28,TSLA,332.82,334.42,328.22,334.42,334.42,869641641
2022-11-29,TSLA,329.86,332.01,325.96,332.01,332.01,1557809783
2022-11-30,TSLA,330.14,333.28,330.14,333.28,333.28,325059496
2022-12-01,TSLA,334.89,337.78,328.54,332.17,332.17,658947586
2022-12-02,TSLA,334.94,340.68,334.94,338.27,338.27,1782606174
2022-12-05,TSLA,348.26,350.38,346.23,346.63,346.63,1435989973
2022-12-06,TSLA,337.68,340.05,337.68,340.05,340.05,998293886
2022-12-07,TSLA,331.79,331.79,324.65,329.08,329.08,324079870
2022-12-08,TSLA,316.94,316.94,313.39,314.47,314.47,776303306
2022-12-09,TSLA,319.62,319.62,317.01,318.64,318.64,561459814
2022-12-12,TSLA,311.19,313.81,309.3,310.12,310.12,975658652
2022-12-13,TSLA,291.11,294.02,291.11,294.02,294.02,492198175
2022-12-14,TSLA,299.91,299.91,292.77,297.03,297.03,432272166
2022-12-15,TSLA,318.68,318.68,316.29,316.29,316.29,231729391
2022-12-16,TSLA,318.89,318.89,316.39,316.39,316.39,1664986431
2022-12-19,TSLA,324.28,327.81,323.25,323.25,323.25,629311984
2022-12-20,TSLA,323.07,326.14,323.07,324.07,324.07,878992980
2022-12-21,TSLA,325.98,325.98,321.42,323.43,323.43,798828733
2022-12-22,TSLA,329.73,331.11,327.43,331.11,331.11,421588231
2022-12-23,TSLA,329.29,329.29,328.87,328.87,328.87,375797522
2022-12-26,TSLA,328.59,331.24,328.59,331.24,331.24,437597862
2022-12-27,TSLA,336.9,336.9,334.08,334.08,334.08,518317702
2022-12-28,TSLA,326.34,333.57,325.59,328.71,328.71,996703357
2022-12-29,TSLA,335.27,338.43,335.27,337.12,337.12,496239584
2022-12-30,TSLA,336.21,337.36,335.53,335.82,335.82,2281033299
2023-01-02,TSLA,331.43,331.43,324.81,329.69,329.69,1481455106
2023-01-03,TSLA,335.11,335.11,332.63,334.31,334.31,1299201562
2023-01-04,TSLA,325.29,328.29,325.29,327.04,327.04,744486039
2023-01-05,TSLA,324.16,329.51,324.16,327.43,327.43,1984372224
2023-01-06,TSLA,329.2,333.06,326.61,327.52,327.52,701826388
2023-01-09,TSLA,339.96,339.96,336.69,336.69,336.69,785038368
2023-01-10,TSLA,342.99,344.04,336.8,340.88,340.88,885784918
2023-01-11,TSLA,340.56,341.27,338.0,340.83,340.83,1218752734
2023-01-12,TSLA,350.85,353.09,348.04,348.04,348.04,1172196114
2023-01-13,TSLA,359.88,362.52,359.88,360.53,360.53,601492625
2023-01-16,TSLA,365.95,367.55,365.63,365.77,365.77,580966566
2023-01-17,TSLA,365.87,366.04,365.87,366.04,366.04,1174304358
2023-01-18,TSLA,354.03,358.36,346.1,354.4,354.4,1228600987
2023-01-19,TSLA,347.16,347.16,345.26,345.26,345.26,631740537
2023-01-20,TSLA,342.98,342.98,340.53,342.8,342.8,308640324
2023-01-23,TSLA,336.54,337.78,332.56,337.78,337.78,706342173
2023-01-24,TSLA,334.74,340.25,333.05,336.37,336.37,1162821805
2023-01-25,TSLA,333.9,338.83,333.9,337.01,337.01,2363123523
2023-01-26,TSLA,342.24,342.24,336.62,341.67,341.67,389831527
2023-01-27,TSLA,339.39,346.92,338.9,341.24,341.24,619273297
2023-01-30,TSLA,343.15,345.58,339.94,345.58,345.58,633238611
2023-01-31,TSLA,347.37,347.37,341.71,346.31,346.31,1804380585
2023-02-01,TSLA,330.97,330.97,328.13,329.78,329.78,783306875
2023-02-02,TSLA,323.91,323.91,321.26,322.28,322.28,464096964
2023-02-03,TSLA,321.3,324.43,316.65,321.28,321.28,1118458427
2023-02-06,TSLA,314.32,314.32,311.86,311.86,311.86,627476568
2023-02-07,TSLA,319.49,319.49,316.73,316.73,316.73,383698496
2023-02-08,TSLA,331.27,331.27,329.24,329.24,329.24,468167181
2023-02-09,TSLA,340.52,342.49,334.92,339.6,339.6,2264059261
2023-02-10,TSLA,336.63,340.57,336.63,337.95,337.95,1007286111
2023-02-13,TSLA,354.35,354.35,346.3,350.96,350.96,853329259
2023-02-14,TSLA,350.84,352.44,346.61,352.44,352.44,688526082
2023-02-15,TSLA,347.57,352.17,347.45,349.65,349.65,953156155
2023-02-16,TSLA,344.1,345.54,343.38,344.5,344.5,946367536
2023-02-17,TSLA,339.03,346.78,338.61,342.07,342.07,953167585
2023-02-20,TSLA,342.17,342.5,332.46,338.93,338.93,856964501
2023-02-21,TSLA,341.14,344.83,335.4,340.54,340.54,1347179524
2023-02-22,TSLA,342.47,342.47,342.08,342.08,342.08,811068123
2023-02-23,TSLA,343.34,343.34,341.86,342.27,342.27,444845104
2023-02-24,TSLA,346.18,349.58,340.55,346.2,346.2,553928550
2023-02-27,TSLA,353.49,358.92,353.49,356.83,356.83,243978041
2023-02-28,TSLA,366.4,366.4,364.27,365.58,365.58,2698846427
2023-03-01,TSLA,353.96,357.88,352.43,352.43,352.43,1342303164
2023-03-02,TSLA,330.24,334.98,327.02,330.79,330.79,486115935
2023-03-03,TSLA,340.52,340.52,338.78,338.78,338.78,675452294
2023-03-06,TSLA,325.77,327.56,324.85,327.56,327.56,545860559
2023-03-07,TSLA,324.06,326.33,324.06,325.88,325.88,2018313960
2023-03-08,TSLA,314.49,320.03,311.52,316.64,316.64,341232186
2023-03-09,TSLA,302.06,307.99,297.24,302.84,302.84,856774774
2023-03-10,TSLA,309.25,309.25,304.17,307.12,307.12,749474831
2023-03-13,TSLA,315.21,315.21,310.88,313.15,313.15,1313686545
2023-03-14,TSLA,308.1,312.78,304.26,308.82,308.82,751509541
2023-03-15,TSLA,290.11,290.35,289.59,289.59,289.59,278540679
2023-03-16,TSLA,287.07,287.67,281.25,285.8,285.8,688020573
2023-03-17,TSLA,287.26,293.64,287.26,288.76,288.76,446389599
2023-03-20,TSLA,276.57,278.41,276.57,278.41,278.41,839022203
2023-03-21,TSLA,282.47,283.22,279.01,279.83,279.83,1891254536
2023-03-22,TSLA,280.52,280.52,279.86,279.86,279.86,281697639
2023-03-23,TSLA,286.81,286.81,284.08,284.08,284.08,494900039
2023-03-24,TSLA,284.14,287.83,283.58,285.07,285.07,574140230
2023-03-27,TSLA,279.48,279.48,278.35,278.35,278.35,636198603
2023-03-28,TSLA,285.35,294.11,284.08,286.95,286.95,1247085914
2023-03-29,TSLA,284.58,287.01,284.58,285.95,285.95,720800782
2023-03-30,TSLA,285.96,285.96,285.89,285.89,285.89,1026562455
2023-03-31,TSLA,278.43,279.44,275.71,279.44,279.44,549509254
2023-04-03,TSLA,274.65,276.49,271.56,276.49,276.49,918226460
2023-04-04,TSLA,269.29,271.81,269.29,270.57,270.57,1275595006
2023-04-05,TSLA,267.04,269.54,267.04,269.54,269.54,515485776
2023-04-06,TSLA,282.61,282.61,281.46,281.46,281.46,1278322964
2023-04-07,TSLA,272.06,272.12,272.06,272.1,272.1,825437132
2023-04-10,TSLA,259.35,264.34,259.35,261.47,261.47,1497819385
2023-04-11,TSLA,269.62,272.79,269.62,271.4,271.4,708845437
2023-04-12,TSLA,267.97,273.35,266.46,270.12,270.12,1005496004
2023-04-13,TSLA,266.36,266.36,261.41,265.77,265.77,780649060
2023-04-14,TSLA,270.68,272.9,270.68,272.9,272.9,755033474
2023-04-17,TSLA,270.3,272.14,268.93,268.93,268.93,934346821
2023-04-18,TSLA,278.93,281.65,278.93,281.63,281.63,1103866089
2023-04-19,TSLA,285.14,286.58,285.14,286.58,286.58,377945685
2023-04-20,TSLA,285.46,287.58,277.42,283.24,283.24,1890637981
2023-04-21,TSLA,300.39,303.08,297.59,299.09,299.09,262090959
2023-04-24,TSLA,292.22,296.04,292.22,294.73,294.73,530384479
2023-04-25,TSLA,302.33,302.33,298.47,300.4,300.4,755914292
2023-04-26,TSLA,302.76,305.42,301.92,302.8,302.8,1024441662
2023-04-27,TSLA,315.14,315.14,307.16,312.97,312.97,2059447369
2023-04-28,TSLA,326.25,330.79,325.59,325.59,325.59,262306731
2023-05-01,TSLA,327.2,329.74,323.96,326.01,326.01,589852770
2023-05-02,TSLA,323.24,325.15,319.61,320.08,320.08,223271685
2023-05-03,TSLA,322.21,325.55,319.43,323.94,323.94,815223758
2023-05-04,TSLA,319.45,319.45,315.79,318.66,318.66,941523768
2023-05-05,TSLA,335.0,337.4,330.87,335.27,335.27,2077596316
2023-05-08,TSLA,333.48,338.29,333.48,336.58,336.58,859946603
2023-05-09,TSLA,330.44,338.37,330.44,333.68,333.68,1496530218
2023-05-10,TSLA,332.84,335.39,332.84,335.39,335.39,1135458361
2023-05-11,TSLA,325.41,325.41,321.32,324.44,324.44,616057635
2023-05-12,TSLA,317.23,322.33,316.81,316.81,316.81,343474541
2023-05-15,TSLA,326.97,330.34,324.41,326.62,326.62,943400424
2023-05-16,TSLA,318.45,327.9,316.62,321.46,321.46,326760743
2023-05-17,TSLA,313.11,318.13,312.13,313.3,313.3,1739953531
2023-05-18,TSLA,320.39,321.21,317.69,317.69,317.69,725783804
2023-05-19,TSLA,326.74,329.53,321.41,327.41,327.41,1638597363
2023-05-22,TSLA,334.34,337.81,330.74,333.51,333.51,599658772
2023-05-23,TSLA,344.0,346.13,342.09,342.09,342.09,939924839
2023-05-24,TSLA,337.74,337.94,331.03,335.84,335.84,906960370
2023-05-25,TSLA,324.39,324.39,319.52,324.27,324.27,778573166
2023-05-26,TSLA,339.25,339.25,336.83,336.83,336.83,617015246
2023-05-29,TSLA,333.56,336.69,333.56,334.29,334.29,1012282593
2023-05-30,TSLA,334.95,334.95,329.58,332.36,332.36,458881260
2023-05-31,TSLA,341.97,343.75,341.97,343.75,343.75,387156205
2023-06-01,TSLA,347.2,348.74,347.2,348.74,348.74,1686120451
2023-06-02,TSLA,349.75,352.9,346.22,352.9,352.9,1237427906
2023-06-05,TSLA,374.92,374.92,372.71,372.71,372.71,832159731
2023-06-06,TSLA,366.34,369.42,364.27,366.94,366.94,2172371857
2023-06-07,TSLA,373.7,381.72,368.93,375.74,375.74,681182413
2023-06-08,TSLA,374.44,379.66,373.96,376.46,376.46,1768896834
2023-06-09,TSLA,382.22,382.22,375.32,379.18,379.18,888765919
2023-06-12,TSLA,396.77,396.77,389.0,394.14,394.14,432524508
2023-06-13,TSLA,399.8,403.86,391.58,399.37,399.37,2424337468
2023-06-14,TSLA,405.92,406.13,402.96,404.98,404.98,1449415933
2023-06-15,TSLA,415.97,420.44,415.97,416.19,416.19,743877836
2023-06-16,TSLA,411.72,415.38,410.81,412.61,412.61,1237430334
2023-06-19,TSLA,407.6,407.95,404.24,404.24,404.24,627828714
2023-06-20,TSLA,391.06,394.01,388.67,394.01,394.01,1315508896
2023-06-21,TSLA,374.68,379.13,371.25,375.29,375.29,190536219
2023-06-22,TSLA,394.05,395.28,387.08,395.28,395.28,433810863
2023-06-23,TSLA,384.7,390.97,378.1,384.72,384.72,1439491620
2023-06-26,TSLA,382.46,387.48,379.97,382.78,382.78,688624492
2023-06-27,TSLA,380.47,380.47,379.93,380.33,380.33,905977814
2023-06-28,TSLA,380.69,383.45,380.69,383.45,383.45,356529877
2023-06-29,TSLA,391.64,391.64,391.54,391.54,391.54,2424085549
2023-06-30,TSLA,398.18,407.85,395.94,400.25,400.25,1634034237
2023-07-03,TSLA,392.16,394.65,392.16,394.65,394.65,709157971
2023-07-04,TSLA,389.77,394.5,387.56,393.19,393.19,627454982
2023-07-05,TSLA,398.25,398.25,389.85,396.17,396.17,1483637406
2023-07-06,TSLA,393.34,396.3,393.34,393.91,393.91,2627982477
2023-07-07,TSLA,411.3,414.26,410.26,410.26,410.26,1417635462
2023-07-10,TSLA,417.42,421.34,410.11,415.53,415.53,2944137083
2023-07-11,TSLA,424.96,426.94,419.38,423.44,423.44,459931996
2023-07-12,TSLA,430.47,430.73,427.95,430.73,430.73,489242043
2023-07-13,TSLA,442.77,443.77,442.77,443.77,443.77,391946272
2023-07-14,TSLA,444.89,449.14,444.4,446.0,446.0,1042676070
2023-07-17,TSLA,433.19,433.19,431.98,431.98,431.98,888781631
2023-07-18,TSLA,436.49,436.69,429.06,436.53,436.53,730200218
2023-07-19,TSLA,432.69,432.69,425.35,429.69,429.69,1299902601
2023-07-20,TSLA,427.43,427.43,423.79,424.25,424.25,1675533004
2023-07-21,TSLA,427.89,430.73,427.89,430.73,430.73,320246815
2023-07-24,TSLA,441.26,450.61,439.42,444.49,444.49,559087631
2023-07-25,TSLA,446.1,446.1,444.94,444.94,444.94,1308420022
2023-07-26,TSLA,446.83,453.5,446.83,448.61,448.61,604164330
2023-07-27,TSLA,463.83,468.34,463.83,468.34,468.34,495499228
2023-07-28,TSLA,475.06,475.63,471.4,471.4,471.4,1473818452
2023-07-31,TSLA,500.57,503.32,500.57,503.32,503.32,368997327
2023-08-01,TSLA,515.12,517.46,510.07,510.74,510.74,667501446
2023-08-02,TSLA,491.11,497.09,488.98,488.98,488.98,974257709
2023-08-03,TSLA,501.14,501.14,493.46,498.52,498.52,566908261
2023-08-04,TSLA,500.53,513.48,495.86,503.54,503.54,1279702407
2023-08-07,TSLA,517.53,528.46,516.3,520.29,520.29,568592072
2023-08-08,TSLA,529.61,535.83,528.62,529.38,529.38,1862474275
2023-08-09,TSLA,524.35,535.82,523.16,527.81,527.81,741771811
2023-08-10,TSLA,510.16,512.15,510.16,512.15,512.15,1196614410
2023-08-11,TSLA,507.91,512.15,504.33,509.73,509.73,1251507137
2023-08-14,TSLA,495.85,499.25,490.43,499.25,499.25,548926987
2023-08-15,TSLA,489.39,492.29,489.39,492.29,492.29,233316876
2023-08-16,TSLA,502.72,511.85,493.11,499.84,499.84,993210767
2023-08-17,TSLA,517.93,521.4,510.81,521.4,521.4,835359733
2023-08-18,TSLA,521.86,531.48,521.86,526.83,526.83,1116534597
2023-08-21,TSLA,512.88,517.57,506.68,511.56,511.56,698247035
2023-08-22,TSLA,522.45,525.28,516.1,517.53,517.53,617842037
2023-08-23,TSLA,531.7,543.03,531.7,533.5,533.5,2669304548
2023-08-24,TSLA,521.68,525.69,521.68,525.69,525.69,330655485
2023-08-25,TSLA,524.92,524.92,520.67,524.19,524.19,1242473871
2023-08-28,TSLA,528.9,529.4,519.85,524.63,524.63,566642349
2023-08-29,TSLA,517.61,517.61,507.1,514.69,514.69,653944360
2023-08-30,TSLA,524.64,524.64,522.6,523.35,523.35,661313323
2023-08-31,TSLA,520.1,522.03,514.34,522.03,522.03,493947322
2023-09-01,TSLA,528.23,533.33,520.05,527.79,527.79,1126897959
2023-09-04,TSLA,512.24,518.17,512.24,516.46,516.46,1842494427
2023-09-05,TSLA,512.92,512.92,507.94,511.09,511.09,1060501977
2023-09-06,TSLA,523.0,529.39,512.8,520.66,520.66,851090645
2023-09-07,TSLA,520.88,520.88,510.63,516.08,516.08,442581727
2023-09-08,TSLA,536.53,539.11,536.53,539.11,539.11,1090710504
2023-09-11,TSLA,528.87,541.18,528.87,534.01,534.01,2916965728
2023-09-12,TSLA,537.77,543.48,537.28,537.28,537.28,636556173
2023-09-13,TSLA,552.5,562.83,546.22,550.23,550.23,638358025
2023-09-14,TSLA,534.4,534.4,530.43,531.32,531.32,571255153
2023-09-15,TSLA,505.57,514.45,505.57,508.68,508.68,596357847
2023-09-18,TSLA,487.55,494.31,487.55,489.89,489.89,154055004
2023-09-19,TSLA,505.97,509.3,500.13,505.84,505.84,1019951823
2023-09-20,TSLA,497.46,503.44,497.46,499.15,499.15,481621307
2023-09-21,TSLA,536.22,538.49,526.74,532.38,532.38,304396634
2023-09-22,TSLA,524.9,528.19,516.39,525.18,525.18,1256899699
2023-09-25,TSLA,531.03,531.03,527.86,527.86,527.86,417915296
2023-09-26,TSLA,549.76,564.79,547.19,548.88,548.88,652811232
2023-09-27,TSLA,580.54,584.31,577.39,577.39,577.39,1928224435
2023-09-28,TSLA,606.19,610.6,600.15,608.22,608.22,343421983
2023-09-29,TSLA,631.34,631.89,626.84,627.18,627.18,318916878
2023-10-02,TSLA,640.86,643.76,640.86,643.76,643.76,940181701
